REG_DTM,BLTTHG_CNTNT,COUNT
20160301001144,방송 기다리고 있었습니다,191
20160301001312,반가워요~,829
20160301001332,딸아이가 열심히 잘 듣고 있어요.^^감사합니다~,865
20160301001349,시원스쿨 기다렸어요,170
20160301001352,열공해서 완전정복 할께요,191
20160301001551,울아들도 이거 들으면서 영어가 느는거 같아요,416
20160301001602,쉽게영어를배울수있어요^^,68
20160301001734,대표님 이름처럼 시원하게 말하고 싶어요,221
20160301001803,꼭 영어 초보 탈출을 했으면 좋겠네요.,478
20160301001941,신기하게도 넘 잼있게 영어 공부하고 있어요,951
20160301001952,시원스러운 강의입니다,61
20160301002122,구성이 알차네요,823
20160301002133,열심히 공부하고 있습니다,618
20160301002146,열심히 해보렵니다^^,380
20160301002203,새롭게 태어날거에요^^,352
20160301002240,영어에자신감이생기네요,907
20160301002351,영어 초보 탈출  할수 있을것 같네요~^^,471
20160301002422,열심히 공부중!! 16년도 화이팅!!^^,773
20160301002443,시작이 반이라고 말하기에 자신감이 붙네요.,13
20160301002455,아들과 함께 공부하려고 주문했어요,646
20160301002506,맘에 들어요.적극 추천합니다.,970
20160301002555,언제어디서나 이용할수 있어좋네요 시원스쿨탭!,700
20160301003006,좋아요열씨미 영어 공부 하려구요,104
20160301003145,남편이 좋아하네요,406
20160301003207,조카가 열심히 공부하길~~^^,770
20160301003229,파이팅해용,214
20160301003249,완전만족~머리에쏙쏙ㅋㅋ,360
20160301003305,강의가 귀에 쏙쏙 들어오네요~,261
20160301003329,수강권 등록해서 들어보니 좋으네요,895
20160301003348,야무지게 다짐해봅니다ㅋ홧팅,934
20160301003401,영어에 한번 도전해보겠습니다,752
20160301003413,좋네요~좋아,85
20160301003431,열심히공부하려고구매했어요.,763
20160301003457,열심히 공부해서 치매를 얘방할께요 ㅎ,617
20160301003508,영어공부 잘하고 있습니다.좋아요,256
20160301003517,쉽고 재밌고 좋네요,955
20160301003616,올해는 영어완전정복의 도전!,33
20160301003634,저도 담배끊고 영어공부에 매진해봅니다!,324
20160301003646,구매만족 합니다.^^,176
20160301003710,강력추천~~완죤 괜찮아영~^^,511
20160301003821,빠른이해가 되고 대박이네요~~,275
20160301003918,이번달부터 시작할려구요~^^,237
20160301003937,좋네요! 2016년은 시원스쿨,333
20160301003958,열심히해서 영어울렁증 해소되길..,894
20160301004016,맘에들어요.,617
20160301004027,계속틀어놓고듣고있어요^^,686
20160301004046,시원스쿨로 초보탈출~~~,800
20160301004128,유느님따라 초보탈출해봅니다,88
20160301004139,저한테 딱이에요,458
20160301004237,열심히 하면 잘될것같아요^^~~,814
20160301004418,영어 공부의 시작! 시원스쿨!!,735
20160301004511,이름처럼 시원시원하게 어려움을 해결!!,428
20160301004535,기초 부터하니 너무 좋아요.,513
20160301004654,시원스쿨로 공부하니 영어 자신감이 빵빵!,839
20160301004726,역시~원스쿨할만하네요,834
20160301004801,은근 귀염 시원 쌤의 강의  참 좋습니다,283
20160301005042,짱 기대됩니다,52
20160301005513,열씸히 해보렵니당~~,194
20160303125112,쇼호스트님~영어 쫌하시는듯~얼마나하셨나요?,544
20160303133153,남편과 함께 하려고 해요!,948
20160303124329,정말 기다렸어요,127
20160303130501,모바일로 할수있어 너무 편하겠어요^^,296
20160303131329,망설이다 구매 했네요~~열심히 해 보려구요~~^^,32
20160303132201,고등학생 아들이랑 맘잡고 열심히 해보려구용~,891
20160303131809,여행갔을때 당채 말이 생각이 안나요,913
20160303132000,남편이 출장갔을때 영어못해서 힘들었다며ㅜㅜ,289
20160303132323,저도 분명 아는 단어인데 ^^,846
20160303132554,외국인만 보면 작아져요ㅜㅜ,946
20160303132618,쇼호스트님 보니 저도 왠지 자신감 상승!^^,614
20160303132650,방송만으로도 영어가 느는 기분들어요,21
20160303132714,엄마인 저부터 시작해볼랍니다!,457
20160303132759,열심히 영어 공부하께요~영어완전정복 아자,889
20160303132949,재미있게 공부하고 있습니다,258
20160303125748,요즘 시원스쿨로 딸이랑 남편이랑 같이 공부해요^^,790
20160303130940,드뎌 구매했습니다 ^^ 아이랑 같이 꾸준히 함 해 보려구요,783
20160303133830,이참에~영어공부   해야죠~~,876
20160303130550,영어가 안되면 시원스쿨~~,475
20160303130637,출퇴근시간에 보려구요 홧팅!,582
20160303131056,저 왕초보였어요ㅜㅜ 토익은 잘보는데ㅜ,964
20160303133052,시원쌤 말씀 너무 쏙쏙들어와요,934
20160303133206,실력상승기대감 가지고 꾸준히해보께요^^,395
20160303124638,열시미해서 초보탈출할거에요~^^,699
20160303125114,시원영어로 쇼호스트님처럼 될수있나용?^^,361
20160303125401,영어 울렁증 해결되길 기대해요^^,909
20160303130327,눈팅만하다 신랑이랑 같이해보려고 구매했어요.,537
20160303130928,생일선물로 신랑한테 명품가방대신 이거 사달라고 했어요,195
20160303133018,손녀딸 한테선물 할꺼에요,191
20160303133406,갖고싶다~~ ㅠㅠ,590
20160303124539,방송알림와서 잽싸게 들어왔어요기다린방송♥♥,389
20160303125553,멋지세요♥♥쇼호스트님♥♥,736
20160303133346,중학생..강의듣고 속이 다 시원해진답니다..우하하,537
20160303124153,영어공부 도전하려구요 도와주세요^^,517
20160303130647,시원스쿨로 영어포기안할래요,31
20160303124235,해외여행가서 간단한 말도 생각 안날때요,570
20160303124247,길에서 외국인만나면 머릿속이 하애져요,407
20160303124256,영어 앞에선 항상 당황스러워져요ㅠ_ㅠ,945
20160303124330,영어가 안되면 시원스쿨~맞죠?ㅎㅎ,859
20160303124433,시원쌤 반가워요~~!!,252
20160303124543,친정엄마랑 같이 영어 공부 도전할려구요♡,891
20160303124802,알기쉽고 배우기도 쉽게 설명해주네요^^,472
20160303124804,영어앞에서 한 없이 작아지는 나...,274
20160303124843,분명 알고는 있는데 입이 안떨어져요...,347
20160303125458,워낙 유명한 시원스쿨! 오늘은 구성도 좋네요,361
20160303125701,여행가서 외국인이 말시킬때 완젼 당황ㅜㅜ,532
20160303125815,영어앞에선 한없이 작아져요 또르르..,136
20160303124745,기다리고 기다렸습니다~^^,143
20160303124750,방송알림등록해서 겨우 들어왔어요올해 저희가족목표영어기초정복! ^^,407
20160303130152,최신 버전에 평생소장이라니 완전 굿굿^^,612
20160306210915,근심걱정에 힘들었는데 오늘 구입했네요~,726
20160306211036,열심히해서자신있게해외배낭여행갈거에요,371
20160306211143,미국여행계획 있는데 지금부터 준비해야겠어요!♡,546
20160306211343,외국에서 사소한 문제 해결을 얘들에게 부탁하지 않고 스스로 해결하고자 사전주문완료했습니다,121
20160306211527,엄마위해 화이트로 주문완료했어요♡♡,69
20160306212012,괜찮을까요? 지르고 열공해야겠네요. ㅎ,908
20160306212038,신랑이랑 공부하려고 주문했어요. 담주 생일인데 선물로 가방포기하고 시원스쿨 사달라했어요,29
20160306212113,샀어요 고민하다가 신랑과함께 공부할겁니다,607
20160306210302,열심히 익혀서 저도 술술 얘기하고 싶어요,102
20160306210445,알파벳만 알고 있는데 사용 할 수 있을까요,220
20160306210838,기초영어만 평생무료죠? 심화단계는 어떻게..추가금액내고듣는거에요?,196
20160306203839,자유여행갔다가 숙소못찾아서 당황했었는데 시원스쿨이라면 걱정 끝,491
20160306204041,한살이라도 젊을때 시작해야겠네요,956
20160306205431,왕초보도 된다는 얘기에 용기를 얻었어요,733
20160306210900,더 늦기전에 도전해볼랍니다,8
20160306211850,아 살까 말까 고민중ㅜㅜ,988
20160306204220,정말 영어가 트일까요? 주부지만 도전합니다!,302
20160306211629,빨리 만났어야하는데..ㅠ 지금도 늦지않은거겠죠?,415
20160306204806,시원스쿨에서 영어하고 해외에서 써먹어봐야죠~,932
20160306211857,"유은정쇼호스트말씀동의합니다.반신반의했는데,시작한지,한달안되었지만,되어가고있어요,강추？？",161
20160306212234,삼세번 고려하다가 드디어 샀습니다ㅡ 열심히 해볼게요,668
20160306212246,좋아요 사고시포요~^,822
20160306210425,도전  도전주문했어요열꽁해서 ㅡㅡ여행도  마니가야지화이팅화이팅 ㅡ나한테？？？？？？,634
20160306203748,저 구매했어요 11살 아들이 이해하기 쉽다고 좋아해요 추천해요,943
20160306211943,해외나갈때마다 영어때문에힘들었어요~열심히한번해보려구요^^,169
20160306210910,신랑 깜짝선물로 주문했어요~~,995
20160306212021,아이들과 함께하려구 주문했네요,474
20160306212400,2달을 고민하다가 지금 구매했어요!30기 초기 회원이었는데  이제 편생 회원이 되었네요!,306
20160306203806,우오ㅏ 시원스쿨 선생님!!!강의 잘듣고있습니닿ㅎㅎㅎ,138
20160306205909,무료체험분이 있으니 더 믿음이가네여.구매했어여ㅎ.ㅎ기다려집니다,882
20160306210103,토익점수는 가지고있지만 회화는 갑갑합니다.믿어도 될런지요~''',918
20160306210318,대박입니다 영어공부가 실용적으로. 회화가 딱딱정리되네요,864
20160306211907,화이트 주문했어요!딸이랑 같이 공부하려구``~~~,253
20160306211328,영어공부 뭘로할까 고민했는데 시원스쿨이 답을 주네요!!!,464
20160306203933,시원스쿨로 저도 해외여행 자유로 당당하게 갈래여,985
20160306204142,호주면세점에서 새상품 보여달라는데 단어선택이 잘못되서 무안당했음. 살면서 남편이 내내 구박,323
20160306204222,요즘 영어말하기에 관심 많이 있었는데 시원스쿨 짱~♡,371
20160306204224,초보자도 귀에 쏙쏙 시원스쿨 짱이네염!!^^,13
20160306204606,엄마께서 나이60에 영어 배우시고싶으시다고해서 보고있습니다^^,930
20160306204629,시원스쿨이 쉽게 가르쳐준다고 소문나서 왔어요^^♡,474
20160306204824,영어단어 강의도 들어 있나여?,234
20160306205013,영어랑 10대이후로 영어를 끊고살았는데가능할까요,125
20160306205431,57세아줌마입니다구입하고열씸히해볼라구요시원스쿨믿음이갑니다,965
20160306210149,역시 지에스의 조건 탁월하군요,190
20160306210301,아들하고  같이 공부하고 싶어서 구매합니다,859
20160306210337,영어를 어느정도 하는 사람이 들어도 최고에요 ㅋㅋ도움 많이받고있습니다!강추!,973
20160306203846,평생 수강 무료체험 다 좋더군요 저도 지금 하는 중에요,177
20160306211032,주문 완료했어요! 너무너무 기대됩니다~,161
20160307094743,주문했어요기대가 되네요열심히 읽어라,388
20160308103901,우리애 초등입학 기념으로 벼르다 질러요ㅎㅎ,109
20160308104025,펜으로 해결되니 너무 좋아보여요~,322
20160308104227,4살 되는 우리 아기 사주고 싶네요♡♡♡,56
20160308104400,울조카 선물 주고 싶어요~~,931
20160308104419,리드위드도 자세히 보여주세용~~,956
20160308104427,리딩펜이라 언제든 편하게 들을 수 있어 좋아요~^^,999
20160308104555,아들이 유일하게 좋아하는 영어책에요~~,100
20160308104711,ORT 추천만 받다 울딸램도 사주려구요^^,951
20160308105047,아이와함께 영어공부하기좋은책이에요^^,473
20160308105121,바로 구매 했네요 기대되요^^,406
20160308105756,컨텍스트카드 궁금해요....,88
20160307095716,PD님 센스 십점만점에 십점~~~!,355
20160307094015,호기심많~은울아들한테백과사전이네요♥,323
20160307093802,조카한테 선물해주고 싶네요~,952
20160308110359,딸램이랑 저도 너무 재밌게 같이보고있어요ㅎ,608
20160308110527,처음엔 비싼거 같지만 진짜 후회없는 선택이될듯한 제품,788
20160307094827,11세 아들 와이팬이에요^^,936
20160307095936,주문할까합니다,931
20160307094422,와이책~지금은고등학생딸 초등때부터잘보고 지금은동생이봅니다^^,158
20160307092336,한국사사고싶었어요~~~,950
20160307101926,아이들이 보면 좋겠네요~~,861
20160307100935,아이보다 제가 더 갖고싶은 책이에요^^,632
20160307093136,구성과 가격 그리고 한샘책장까지 정말 대박이네요!!!,183
20160307092333,오늘아침 운이좋네요!계속 기다렸어요^^,987
20160307100659,오오오 책장도 준다니!!,597
20160307101409,장기 무이자때매 혹해서 결재합니다 좋은제품들 많이 소개해주세요~,373
20160307092308,구성이 어떻게 되는지 궁급합니다...,845
20160307092701,"WHY 제 조카가 읽던 건데, 좋아보였어요~",570
20160307092831,만화 보는 것을 좋아하는 제 딸에게 선물해주고 싶어용! ^^,551
20160307093711,딸아이 사줬지만. 저도 한 번 보고 싶네요.,6
20160307093932,"이거 책장 색도 선택, 가능한가요?",959
20160307094232,책 사줄랬는데 마침 책장도 준다니깐 끌리네요 ㅋ,660
20160307094439,"교과서랑 많이 겹치는 부분이 있나요,,",329
20160307095239,옛날엔 조카들 전과 보고 그랬는데 ㅎㅎ이젠 why네용,14
20160307100358,드라마장영실 요즘 재미있게 보는데 why에두 있네요 >_<,591
20160307100721,why! 너무 기다렸는데 드디어 tv에 나오네요!!!!!,285
20160307102104,덕분에 좋은 책 좋은 가격에 잘 샀습니다!,13
20160307092311,좋은구성 합리적인가격입니다~~~^^,691
20160307094805,매번 방송때 보기만 하다가 아이가 초등학교 입학하여 선물로 드디어 구매완료!,235
20160307092929,꼭 사고 싶었어요! 너무 반갑네요,486
20160307095449,호기심을 유도하기 좋은거같네요,96
20160307101300,아이의 머리에 수많은 물음표를 잠재울  수 있는 좋은책입니다~~,323
20160308103333,단계별 내용이 궁금하네요,842
20160308104939,엄마표 영어 하려고 주문했어요~~ 저도 같이 공부하려구요^^,420
20160308105535,학원 안 다니는 울 아이한테 딱이네요!!!!!!!,275
20160308110432,요즘 아이들은 행복하겠어요,449
20160308110653,오~~ 상황으로 이해하니 쉽네요!!,207
20160308111213,아이가 영어책은 이것만 봐요^^,211
20160308111457,어제 미리 주문하고 지금 설명 들으면서 보고 있어요,380
20160308111808,초등학생 안늦었다는 말씀에 힘입어 질렀습니다^^,366
20160308112057,큰맘먹고 큰돈쓰며 구매했습니다^__^,160
20160308102729,기대되네요~^^,241
20160308102744,안쓰고 있어요.. 그래서 방송에 집중하려구여,999
20160308102751,방송알림 해놓고 기다렸어요~~^^ 새학기 시작을 옥스포드 리딩트리로!!~~,343
20160308102802,어렵게  영어공부하는 우리 딸위해 욕심나네요,227
20160308102841,아들영어공부시작하려고 했는데 오오!:D,596
20160308110706,주변에서 좋다그래서 방송보고 있어요,717
20160308110738,영어가 재미있게 느껴지는 책이에요,72
20160308111416,리딩의 기본인 파닉스까지 체계적이라 좋아요~^^,166
20160308112359,구매완료 신난다^^♡♡,267
20160308112508,영국 초등학생 교과서라 더 믿음이 가네요,79
20160308112547,아이가 정말 흥미로워 할 것 같아요,124
20160308112606,우리 자매들 잘 활용하길 기대해요^^,927
20160308112606,결국 샀네요 ^^,408
20160307094643,호기심많은 울 아들 사줘야겠어요!,139
20160308102914,아이 자기 전에 같이  ORT로 노래해요^^,518
20160308102924,애들 영어공부 시작하려고 아침부터 대기하고 있었어요,693
20160308102956,정말정말 기다리던 방송입니다~^^♡오늘은꼭구입해야겠어요^^,153
20160308103019,학원을 보낼 필요가 없네요,208
20160308103024,구매예정~~~~ㅎㅎ,929
20160308103034,20개월 둘째도 좋아해서 세이팬 하나 더 샀어요,640
20160308103108,밥 먹을 때 필수! 애가 돌아다녀서요ㅎ,304
20160308103208,1단계부터 하고 있는데 너무 좋아요!,251
20160308103214,몇달전부터 눈독들이고 있는중입니다.,481
20160308103324,이거 재밌네요^^,725
20160308103457,아이들이 너무 좋아해요!♡♡,527
20160308103502,티비보는데 아이가 보면서 따라해요ㅎㅎ,931
20160308103701,빌려만 보다가 저도 구매해요^^,932
20160308103007,최대 관심사~ 옥스포드 영어,738
20160308105802,리딩에약한 울아이를위해 드뎌 구입했습니다~^^,311
20160308112437,초등 입학 한 아들위해 결국 샀어요 :)아이랑 잘 활용할게요!!!!,298
20160308112514,결국 벼루다가 샀어요^^,898
20160307092410,우와. 한샘책장.대박이예요^^,552
20160307102008,주문했어요^^,296
20160307095432,살까말까 완전 고민중이요.. 너무 사고싶네요~~ 신한카드찾고있어요ㅠㅠ,241
20160307092126,아이를 위해 사두려고 했던 WHY 전집! 기다렸어요~,780
20160307093221,언제 방송하나 했는데 이제서야~~^^,893
20160307093436,얼마전에 개정되었던데 이거 신판인가요?,958
20160307093559,오 교과서 연계도 잘 되어있는 거 같네요,853
20160307094843,책장 색상 선택은 어디서 하는거죠?,58
20160307101156,어머 호스트 언니들 너무 아름다우세요><*,225
20160307095508,신간까지 추가되었다니 정말 오늘 꼭 사야겠습니다*^^*,932
20160314224023,시원스쿨 또 한다길래 기다렸습니다,182
20160314224030,기다렸어요!,152
20160314224101,영어 잘하기 위한 시원스쿨을 또 만나게 되네요!!,340
20160314224142,원어민과 대화하고 싶어요,322
20160314224156,미드를 즐겨보는데 자막없이 보려고요!!,670
20160314224215,영어로 적힌 뉴스기사를 즐겨 읽을려고요.,32
20160314224236,외국인 친구를 사귀고 싶습니다^^,475
20160314224342,다섯살 아들과 같이 들으려고 구매해요,879
20160314224450,Life never give up! 하고싶네요 맞나요?ㅎㅎ,961
20160314224513,공부 열심히 할게요 화이팅~,114
20160314224530,울신랑 열심히 영어공부 한다는데 믿어볼려구요^^,182
20160314224600,좋습니다~기본에 충실!!!,212
20160314224627,강의가 쉽고 좋아요^^ 강추 합니다^^,595
20160314224650,기다리고기다렸던 방송 오늘횡재한것같네요~~,907
20160314224949,정말 간단한 방법으로 영어가 되서 신기했어요.,739
20160314225129,여태껏 헛배운 영어 제대로 배워보려고 합니다!,525
20160314225310,고민무지했는데. 잘 구입한거같네요. ㅋ,839
20160314225327,편리하게 언제 어디서나 영어공부되서 좋아요.,476
20160314225443,주입식 영어에서 Get away 하고 싶었어요~~,836
20160314233024,와우 야밤의 득템이네요,136
20160314233245,생각만 하다 방송 하길래 구매 했네요,374
20160315102909,드뎌 방송을 보게 되네요~~많이 기다렸어요,388
20160315110720,알람 신청하고 기다렸는데 드디어 예약해요^^,433
20160315111322,"꼭 한번 체험해보고 싶었는데, 해피콜 신청했어요~!",615
20160315113203,울아이가 좋아하는 호비 기달렸답니다^^,167
20160315113307,아이랑 같이 보고있는데 너무 씬나해요^^,325
20160315113319,호비 안녕??,573
20160315113812,ㅇ아이가 너무 좋아해요ㅎ주문해요,20
20160315113907,친구가 강추해서 보고있어요,383
20160315113946,아이랑 홈스쿨링하려구요! 넘기대되요,799
20160315114032,사람들이 하도 호비호비해서 저도 구독신청해요,952
20160315114522,방송 보는 것만으로 아이가 찡긋찡긋 방응을 보이네요!,566
20160315115013,매달 선물처럼 받아서 아이가 좋아해요,951
20160315104722,스마트펜 다시봐도 너무신기해요!,291
20160315113208,호비 보고 있어요. 울 아들내미 호비처럼 참된 아이가 되길 바라며..,888
20160315114306,말로만 듣던 호비! 엄마들 사이에서 엄청 유명해요! 이제 우리 아가도 호비 시작합니다!,621
20160315120511,우리조카가 넘 좋아하던데~ 어린이날선물 미리 준비해야겠네요!!,324
20160315121408,20개월아가 1단계신청완료~이제 호비랑친구할수있어요!,362
20160308144742,자연관찰 어떤걸로 할까 고민하다가 요걸로 구매~~기대되네용^^!!ㅎㅎㅎ,499
20160309151136,진도표 잘 활용하면 집에서도 자기주도학습 잡아주기 좋겠어요~,284
20160314102651,안녕하세요.방송 기다렸어요,477
20160314103013,빌려만 보다 아기가 좋아해서 구매하러 왔어요^^,682
20160314103154,전부터 아이가 사달라고 졸라서 드디어 사요 :),497
20160314103430,요즘 인물들도 나와있어서 참좋네요,71
20160314103720,아이사주려는데 저도 보고 싶어져요ㅋㅋ,588
20160314104828,아이에게 위인전 꼭 중요해서 구입해요,236
20160314105128,무이자라 12개월로 긁었어요ㅎㅎ,597
20160314105318,서점에서 좋아했던 기억이나서 구매해요:),427
20160314105452,조카바보라 조카 사주려구요^^,712
20160314105824,"유명한 인물, 알아야 할 인물이 많아 엄마도 함께 읽으며 공부해야겠어요~",433
20160314110721,우리 아이에게 꼭 필요한 책이라 눈여겨보고 있어요~^^,563
20160315110345,울아들  엠베스트로 갈아탑니당~~^^,85
20160315102823,지난방송때 한발늦어서 신청못했어요~기다렸는데 또 해서 다행이네요~,822
20160314224741,시원스쿨로 여행영어 정복하고 싶어요~,996
20160315111505,상담신청 완료~~^^울 두아이들에게 득탬이 될수 있겠죠~~,701
20160314231347,영어 잘하고싶네요^^,989
20160308143519,샀어용~~♡,321
20160314104227,즐기면서 탐구하는 그런 책인듯해요.,273
20160309151055,동아전과로 공부했었는데 꾸준히사랑받는데이유가있죠♡,8
20160309145233,보자마자 선주문 후시청 중♡,704
20160308145322,주문 했어용~~~~ 딸 아이가 너무 좋아할거 같아용^^,71
20160308145718,우리둥이들 사줄려고 얼마나 기다렸는지 몰라요~~너무 기대되요~~^^,961
20160314232551,영어가 안되면 시원스쿨이라죠~^^,269
20160309150849,뭔가 체계적이라 좋은데요,22
20160314102949,우리아이에게 새학기 선물로 줘야겠어요,251
20160314104235,우리 아이도 사주고 싶어요~잘읽을듯~,156
20160314111155,지금 주문할라고요~~~필독서 같네요^^,643
20160315105420,특목고준비중..신청했어요 장학금제도도있네요,576
20160315110448,요걸로 중간고사 준비 시켜봐야겠어요,519
20160315115308,많은 양의 책보다 아이가 활용 충분히 다 하는 호비,142
20160314233056,오앙 !! 고민해봐야겠아요,861
20160314233242,시원스쿨보면 영어 어렵지 않을 것 같네요,996
20160315103851,학습효과가 기대되네요,824
20160315111850,중등 온라인 강의 찾고 있었는데 도움되네요,357
20160308143526,조카 선물하고 싶네요~,67
20160315121644,22개월 아가인데 주문완료했어요^^ 신중했던만큼 아이가 좋아하겠죠?♥,412
20160314110731,초4 아이가 최근에 도서관에서 빌려보고 넘넘 잼나다고 하더라구요사고싶던 책이라좋아요,593
20160315104737,빨리 체험해보고싶네요~~~,664
20160315105500,관심갖고 있었는데.. 방송해서 넘 반갑네요^^,839
20160315114004,울 아이가 어떤 아이로 크길 바라는지! 바로 호비!,305
20160315103305,신청완료했어요~~^^,97
20160315104046,방송 기다렸어욧! 얼른 상담받고싶네요^^,402
20160308142200,방송 오래 기다렸어요~~ㅜㅜ 드디어!,391
20160308142631,아이가 너무 좋아해요~ㅋㅋ 조카 주려고 하나 더 구입ㅋㅋ,919
20160308143315,강추해요^^스스로 찾아봅니다,398
20160314110933,"Who책 아이가 좋아해서 몇권  읽어봤는데,방송보자마자 바로 주문했습니다~~^^",91
20160315103201,미리알림 하고 기다렸어요!!,908
20160314224418,부모님 모시고 여행가고싶어요!,719
20160314233323,시원스쿨 짱짱,364
20160315103751,스마트노트 신기해요 넋놓고 봤네요,917
20160315103828,상담 신청 완료했어요! 언넝 받고싶네요,422
20160315104415,장풍쌤 너무 좋아요ㅋㅋ,436
20160315104606,초등 울아이도 이제 시작할렵니다 화팅,877
20160315110510,저만 알고싶었던 엠베스트인데ㅎㅎ,692
20160314224620,시원스쿨 실전에 강합니다!!,458
20160315105531,기다렸던 인강입니다 신청요~,128
20160315120752,오호 구성 좋네요,849
20160315111950,방송 마감전에 상담신청 완료!,101
20160308143358,아들 중영이가 너무 좋아할 것 같아요!!!,704
20160309144714,방송 기다렸어요~ 오늘이 마지막이라니 오늘 꼭 주문해야겠어요~!,367
20160308142257,ㅎㅎ 집에있는거보고 딸이 말해요 ㅋ 저거 우리집에 있잖아,243
20160308142729,앗!기다려왔어요^^드디어 우리아이에게 자연을 알려줄수있어서 좋네요,564
20160308144951,어린이날 선물을 미리해주신 어머니 감사해요^^,362
20160308145552,아이들의 상상력을 자극시킬 수 있는 창의력에 도움이 될만힌 책이네요 ^^,67
20160308143430,드디어 샀어요,922
20160309144648,우리딸이 좋아하는 과학이야기라 한번 구매해보려고요~,429
20160309144817,학기초라 학습지에 알아보고 있는데 많이 도움되네요^^,479
20160315102948,저번에 넋놓고 있다가 놓쳐서 걱정했네요 홈쇼핑에서 만나서 반가워요,515
20160315103125,공부짱들 M베스트 다 강좌하고 있더라구요~,93
20160315103845,완전기대됩니다 기다린방송이였어요,318
20160315110136,무료체험신청했어요,820
20160315111021,망설이다 일단한번 경험해보자싶어서 상담등록했네요~^^,190
20160315111245,아들래미 많이 좋아할거같아요~^^,720
20160315111948,엠베스트! 알람 해 놓길 잘 했네요!♡♡,210
20160315112059,무료체험이 그만큼 자신있단 얘기겠죠? 엠베스트 믿고 신청해요~,109
20160315113328,방송문자보고 일하면서 폰으로 보고있어요~♡,117
20160315114101,3단계 구매하고싶어요^^,302
20160315120328,1단계부터 쭉...결국 4단계 주문했네요~,16
20160315122331,하나하나꼭필요한^^울아이필수템♥♥,836
20160315122506,아~호비^^단계별이라맘어들어요♥♥,666
20160315122512,연연생 두아이꺼 다구매했습니다^-^좋아했으면 좋겠어요^-^,933
20160315123335,눈여겨 보다 알찬구성에 드디어 구입합니다^^,258
20160308145244,사진들이 실물저리가라 할 정도라 참 좋아요 자연이 손에 만져지는듯!!,102
20160309151222,진짜 요즘 학습지 넘 비싸서 부담스러운데 이 제품은 합리적이네요,810
20160314102722,목 빠지게 기다렸어요!!!^^,951
20160314103113,출석~기분좋은아침이네요. 아이가원해서기다리던중이었어요~^^,561
20160314103801,우리조카 사줘야겟어요 ㅋ,938
20160314103822,기다리고있었던 기회가 와서 기뻐요,799
20160314104836,딸애가 친구집가서 빌려보고는 자기도 꼭 사달라네요ㅎㅎ,662
20160314110145,아이 사줬는데 되려 제가 더 재밌게 읽네요^^,642
20160314110414,소프트커버 너무 착한가격에 득템해요 감시해요,166
20160314110641,사고싶어요~^^,906
20160314111106,현대 위인들 위주라 아이들이 더 관심 갖네요^^,206
20160309145405,조카 입학선물로 딱이네요,529
20160314111235,우리아이 정말 똑똑하게 키울수있을 것 같아요.,973
20160308143821,울집에 있는데 방송보니 구매충동 느껴지는건 ㅋ,127
20160308142251,37개월 아들 읽을책이 없었는데 너무 좋아요.,959
20160309145456,동아전과 너무 유명한 제품이죠. 알찬 구성으로 나와서 너무 반갑네요,452
20160309151104,통합평가라면...통합교과 말인가요,642
20160309150041,아이들 스스로 학습을 위해서는 동아전과만한게 없죠. 정말 믿을만한거 같아요!!,51
20160309151818,매일매일 스스로학습할수있길 바라는맘에구입합니다  ^ ^,770
20160314224444,시원스쿨 파이팅!!!,462
20160314225627,여태껏 알지 못했던 영어의 신개념 이해!!!!,242
20160314225715,영어권 예능방송을 재밌게 보고싶어요ㅋㅋ,489
20160314225757,영어를 쓰는 모든 나라에서 편히 여행할래요^^,673
20160314225840,한국말이 서툰 미국친구랑 대화 많이 할거에요,351
20160314225945,자막없이 영어 쓰는 영화를 감상해보고 싶어요!,607
20160314230020,시원스쿨 덕에 영알못 Escape!!,975
20160314230109,I Can do it! 시원스쿨 이해가 잘되요^^,368
20160314230431,다시 시작해보려 큰맘 먹고 구입했어요.,443
20160314230446,아이를 위해~~시작해보려구요^^,641
20160314230745,초반에 힘들었던 영어개념이해가 제대로 ？어요.,300
20160314230913,틀에 박히지 않는 강의를 듣게되서 행복합니다.,701
20160314230927,Q. 영어를 잘하면 꼭 해보고 싶은것?,743
20160314231049,국내정발 안되는 영문도서를 사서 읽고 싶어요.,109
20160314231201,해외에서 현지인같은 소통을 했으면 해요ㅎㅎ,652
20160314231539,단어도 시원스쿨하면서 잘 짜맞추고 싶어요~,303
20160314231743,기대되네요!,47
20160314231750,영어울렁증에서 벗어나고픕니다!!!,451
20160314231838,뭐든 기초가 되야 쉬워지겠죠?ㅎㅎ,966
20160314231906,진작 알았더라면...너무 쉽고잼있어요...,689
20160314231931,블럭쌓듯 쉽게 이해시키고 따라하게 만드네요~,617
20160314231954,영어를쉽게 다가갈수있게 설명해주시네요,871
20160314232113,강의가 지루하지않고 재미있네요,895
20160308143527,방송기다리다 드뎌 주문했어요,145
20160314232136,이렇게 몰입하면서 영어공부하는건 처음입니다,843
20160314232238,탭으로 보면서 공부하니까 너무 즐거워요Good!,22
20160314232540,Easy Understand! 시원스쿨 잘 듣고있어요~~,103
20160314232739,강의 목소리가 머리에 쏙쏙 잘들어옵니다.,294
20160314232816,올해 나이 42의 만학도도 도전해볼랍니다,665
20160314233035,좋은 강의 열공하렵니다!,155
20160314233126,영어공부는 앞으로 시원스쿨로 해봐야겠어요!!,64
20160314233158,답답했던 영어말하기 뻥 뚫리게 하고싶어요,127
20160314233333,이제 원어민 소통 걱정은 덜하겠네요ㅎㅎ,398
20160308142958,기다렸어요 매진되기 전에 우리 아이 위해서 구매해야겠다,553
20160314104413,책을 잘안읽는 저희애들인데 좋아할까요?,800
20160314111246,방송기다리는 언니집에 바로 연락했어요 어른이 읽어도 넘 재밌는 책이더라구여,750
20160314103217,새학기라 사주려고 합니다. 이세돌편도 만들어주세요^^,159
20160314224122,영어가 필요할땐 시원스쿨~^^,774
20160314230152,남편이랑 손잡고 배낭여행 할거예요~~,117
20160314105509,엔지니어 따로 구매하고 싶어요,602
20160314111242,아이가 래리 페이지를 알길래 물어봤더니 후에서 봤다고 하더라고요,414
20160314111123,언제방송하나 기다렸는데...오늘 드디어 구매했습니다^^,417
20160315103032,김창식 연구원님 설명회때 명쾌한 강의 짱이셔요~방가방가,303
20160315105010,종이를 누르는데 강의가 나오네요 신기해요 아이가 좋아하겠어요,157
20160315111134,엠베스트! 좋다는 소문 듣고 왔어요!!!,527
20160315111359,안그래도  중등 온라인강의 찾던중!! 지에스가 지름길을 알려주셨어요~^^♡,955
20160315114110,우리아들도 드디어 아이챌린지 시작하려구요!,460
20160315114435,저도 소문듣고 울아이 첫교구로 선택했어요,574
20160315114603,소중한 울아이위해 구입해여,406
20160315114727,울언니가 언넝 사라고 연락왔어요ㅎㅎ,425
20160315114823,놀이를 통해 자연스럽게 학습 할수 있어서 좋아용,262
20160315115510,집에서 생활습관 가르치기 좋은것같네요,22
20160315115537,이만한 교재가 없더라고요~ 좋아요,296
20160315115653,중단했다가 3개월만에 다시 재구독해요 호비짱!,157
20160315115820,역시나 호비는 모든 아이들이 좋아하네요~,167
20160315120154,큰아이도 호비였는데 둘째도 이제 시작해요,139
20160315120648,재주문인데 시기에 맞는 좋은 프로그램 같아요,180
20160315120729,무이자되서 12개월로 질렀어요ㅎㅎ,271
20160315120834,고민하다 후기가 너무 좋아 구매해요:),433
20160315121002,첫째도 배변훈련부터 한글공부까지 호비와 함께여서 돌지난 둘째도 시작해요,846
20160315121054,기다리고기다린 호비^^좋은가격에 혜택도 많아요,427
20160315121128,입소문난 상품이라서 믿고 구매하께요,498
20160315121245,울아이들 전부 호비로 컸네요 ♡,973
20160315121741,당분간 아이 교구걱정 없겠어요 ^^ 감사해요,825
20160315121900,아이랑 같이 보고있는데 너무 좋아해요^^,50
20160315121938,우리딸램도 돌지나서 이제 시작해용!,773
20160315122002,울언니가 언넝 사라고 연락왔네요ㅎㅎ,574
20160315122021,울 아이가 너무 좋아합니다♡,209
20160315122116,놀이를 통해 자연스럽게 학습 할수 있어서 좋아용,546
20160315122131,아이랑 같이 홈스쿨링하기 너무 좋아요~^^,691
20160315122231,이만한 교재가 없더라고요~ 호비좋아요,812
20160315122332,아이가 좋아하고 학습효과 좋아 재구매!,961
20160315123834,방송기다리고 기다리던 호비~~~^^기대되요,107
20160308142802,으아 매진이라고 해서 빨리 사야하는데 ~~~ 고민돼요,115
20160308142803,"GS!! 구성, 가격 완전 좋은거아닌가요? 위대한 봄 감동의 GS~♥",117
20160308144644,자연관찰 고민하다가 요걸로 구매~~기대되네요^^!!,635
20160308143410,벌써 매진? 으아~~,70
20160309144253,방송 기달렸다 미리알림신청해서 보고있어요^^,578
20160309144350,매년 신청하는 학습지에요~반가워용,208
20160309144458,새학기 맞이해 장만하러 왔어요^^,476
20160309145301,울아이 과학이야기 너무 재밌게 보고있어요^^,3
20160309145619,재구매할려고 방송기달렸다 주문완료!,471
20160309145728,학습지만 하다 이번엔 과학이야기도 받아볼래요^,498
20160309145758,새학기 백점맞는 월간지로 또 시작합니다!,299
20160309145819,울아이를 위해 이정도 투자는 해야죠^^,629
20160309150030,1년동안 문제집 걱정 없어졌습니다^^,666
20160309150159,아이랑 티비보다 사달라고 해서 구매해요^,438
20160314102821,기달렸어용~,810
20160314104003,예전부터 벼르다 오늘 좋은 구성으로 샀어요ㅎ,937
20160314105142,7살 아이도 잘 읽네요,872
20160308144228,너무 신기한책 사주고 싶어요,655
20160308145010,자연관찰책 벼르고 있었는데 이번에 구입했어요~~^^ 저희아이도 좋아했으면 좋겠네요,363
20160309150939,예전이랑 달라져서 보기도 좋고 재미도 있고,369
20160314103139,소프트커버랑 양장본 차이 좀 자세히 보여주세요.,628
20160314103550,아이 학교에서 꼭 읽어보라고 말씀하셨다네요^^,188
20160314230413,세계일주 배낭여행가고 싶어요,420
20160314230818,늦었지만 영어공부 시원스쿨로 시작할까해요!!!,400
20160314232501,무료강의 들어보니 좋아요,762
20160308142657,조카가 제일 좋아하는 책입니다! 방송보니 반갑네용!,630
20160308144459,기다렸던 방송이에요~,946
20160315102746,아이 성적때문에 고민이에여... 방송 자세히 보고 진지하게 고려해봐야겠어요,452
20160315110214,우리 두딸도 엠베스트로 공부에 맛들였어요잼나는 강의~~짱!!엠베스트 강추강추합니다^^,441
20160315111558,신청했어요~~기대됩니다~~,907
20160314104054,아이들에게 인기가 많아요~^^,560
20160314105346,독서가 부담스럽다고 했는데 이책은 아침부터 손에서 안놓습니다.^^,556
20160314110312,학원에서 아이들 읽히려고 구매했어요,24
20160314110652,책 안 읽는 아들 땜에 주문했어요~ 재미게 읽을꺼라 기대해봅니다~,194
20160315114401,아이랑 같이 할 수 있어서 더욱 좋은 교재 입니다~,626
20160315123401,주위에서 좋다고 해서 주문햇어요^^,602
20160314233005,드디어주문^^ 우리가족 영어탈출!!!!!,403
20160315102817,드뎌 방송을 보건 되네요,101
20160315111258,몇번을 망설이다가...또 시간을 놓쳐서.... 그러나 드뎌 신청해봅니다.,605
20160315115011,울 아이 너무 좋아합니다♡♡♡♡,874
20160309150839,이거 만들기 너무 좋아요! 첫째꺼 사주고 만들기 서로한대서 난감~,600
20160309151846,많은분들  댓글보고 믿고 구매해요~~,905
20160308143839,4살손주에게 꼭필요해서열심히시청하고구매할려고요~,503
20160309150522,저도 동아로 배워서 저희아이도 접해주려고 주문해요,265
20160315103113,학원보다 훨씬 좋을거 같아요,343
20160315104633,중학생 조카도 요거 한대요~,312
20160315105929,이거 아이체험 꼭해주고 싶었는데 정말 잘얻어걸려 티비서 나오네요 횡ㅈ,202
20160315110001,횡제한 기분이네요 커피도 받고 싶다 ㅋ,214
20160315111919,"스마트펜, 노트 정말 너무 기대됩니다!아이가 흥미를 느낄것 같아요~ 사교육비 절감기회!!",967
20160315114805,우리 아이 호비때문에 많이 배워요~~  너무너무 좋아요~~ 호비사랑~♡,566
20160315120655,호비 이만원할인 오늘은 완전 대박이네요,584
20160315122312,주변에서 극찬하길래 어떻길래 궁금했는데 이번엔 저도 도전해보려구요,594
20160315122513,12개월or17개월 고민... 결국 또 주문하게 된다는 소문에 17개월 선택!!,754
20160314102834,우리아이도 좋아하더라구요. 추천합니다~~~,3
20160315102710,지난번에 놓쳐서 미리알림해놨어요,994
20160315102721,방송 너무 기달렷어요!,515
20160315102905,아 드디어 방송하네요 ㅜㅜ 감사!,633
20160315103207,엠베스트당! GS 짱짱,940
20160315103402,방송중 혜택 받으려고 기달렸지용~^^,968
20160315105247,학원보내기 힘든 상황이라 너무 기대되요,74
20160315105430,같은반 엄마한테 연락받고 신청완료했네요^^,846
20160315110636,친구가 방송보라고 연락와서 신청했네요,528
20160308144352,구성 가격 내용 끝내주네요~♡,631
20160308144428,드뎌 구매했어요~^^,870
20160309144849,알람 해 놓고 목 빠지게 기다렸어요!!!♥♥,723
20160308142137,초등학교 들어가는 조카 선물로 기다렸다가 구매합니다♡♡♡,257
20160308143906,오감으로 느낄수있어서 좋은거같아요~,472
20160314103909,아이가 넘좋아할얼굴보니 기대되요,125
20160308142152,구성 정말 알차요^^,359
20160308145711,창의력이 쏙쏙! 탐날만한책이네요 ^^,77
20160309150535,자기주도학습에 많은 도움이 되겠네요~ 구성좋아요~~,1000
20160314102844,티비앞에 딱붙어 시청중!!^^,959
20160314103656,전권 들여놓으면 아이가 정말좋아할것같아요~,982
20160314110749,기대기대 빨리 배송되면 좋겠어요,502
20160314233219,드디어구매^^우리가족영어탈출!!!,223
20160308143119,책 너무 과학적이고 재밌네요ㅎㅎ,324
20160308143128,우리 아들이 책을 안읽는데 이건 참 좋아해요!,814
20160308144206,어제 알림등록하고 주문했어여,425
20160314231257,단어두 모르면··도루묵인거죠?^^,539
20160308144351,우리아이가 동물을 무서워하는데 좋을 것 같아요^^,780
20160309150912,집에서 관리해주기 좋은 제품인거 같아요,992
20160314104031,주말에 어린이도서관갔더니 아이들 책상위에 who 책들이~~,123
20160314110650,아이들한테 정말 좋은 선물 될 것 같네요^^,374
20160314224522,답은 시원스쿨~!!!!,745
20160314104438,농구좋아하는 아이가 마이클조던 책을 읽고 감동받아 스토리 다외웠네요,127
20160314105807,후시리즈 아이가 너무 읽어서 너덜너덜해졌어요.독서습관에 강추해요,368
20160314110128,양장본세트 탐나네요~,260
20160314111232,두 딸에게 사탕대신 who시리즈 선물 해 줄려구요!^^,760
20160314111243,지금 구매할라고요~~제가 더 보고싶네요~,307
20160315102947,기다렸는데..^^알림신청하고보네요~~^^,227
20160315105438,엠베스트 민정범 선생님 기대하고 있어요,835
20160315114150,첫째 둘째 다 호비로 키웠지 말입니다! ^^,153
20160315114850,좋네요,756
20160315123301,인성 사회성땜에 고민하니 옆집엄마가 강추라고 해서 주문했어요,465
20160314230545,맞아요~~기초부터 시작해야 해요!!!,23
20160314231230,영어울렁증 시원스쿨 해결하고 싶어요!♡♡,478
20160314233123,영어가 안되면 시원스쿨,722
20160308143417,오감발달이 좋은 글뿌리 톡톡시리즈!! 완전 우리 아들 스탈~~,495
20160308143937,요즘애들은  참좋겠네요  책이  실제  동물을보는듯하녜요,604
20160315110931,엠베스트로 과학고입시 준비중이네요.,80
20160315111135,꼭 해보고 싶었어요~~^^,573
20160315114605,구성이 너무 좋아요^^,603
20160315115839,호비는 아이들의 아이돌입니다,39
20160314232143,주문했어요~~열심히해서 해외로  고고,555
20160314233056,여행영어까지!!,105
20160308143614,우리 조카사주고 싶네요~,262
20160308144313,정말 오감만족 이네요~♡,880
20160314225952,실전에서 쓸 수 있는 영어학습 도전,919
20160315111031,스마트펜이랑노트가 대박이네요!!,688
20160315105838,찾고있던중 이거다 싶어 바로 상담신청 했어요,418
20160315110518,신청완료~^^아이에게 도움 될거라 믿어요,699
20160315111248,인강은 처음 신청해보네요..엠베스트가 유명해서 신청합니다,679
20160315111536,사교육비 고민 해결될까요?^^,542
20160308142648,오감 자극 팍!!!팍!!!  되겠어요~^^ 구성 너무 좋아요~^^,73
20160308143840,구매하고 편하게 시청중^^,424
20160309150836,사고력창의력에도  도움되겠어요♡,669
20160309144554,항상 애용하는 학습지 입니다,441
20160309144624,월간 학습지는 처음인데 매력이 있을것 같아요,684
20160309144738,엄마랑 함께 할수 있어서 좋으꺼같아요-!,429
20160309144818,매해 사게되네요ㅎ안그러면 허전해요ㅎㅎ,749
20160309145043,초등입학한 울아들 매일매일 습관드릴라구요~^^,911
20160309150249,매달 새롭게 받아볼수있어 너무 좋아요~,263
20160309150328,진도표가 있어서 자기주도 학습 하기에 딱인듯!,903
20160309150658,작년에 이어 올해도 주문했어요스스로 학습에 도움이 되서 좋아요,667
20160309150805,진도표가 있어서 아이랑 같이하려구요^^,729
20160314110921,딸아이가 시간가는 줄 모르고 열심히봐요^^,926
20160309151148,이거 만들기 넘. 재미지고 좋네요 동생용으로 한세트 더주문합니다,144
20160314105743,알파고도 만들어 주세요~^^,451
20160314110401,추천추천,421
20160315114650,오늘만기다렸네요^^사은품짱,748
20160315120737,주문했어요^^ 아이가 좋아하네요~~,532
20160314103011,책 읽는 싫어하는 아이들도 잘 읽을수 있어요^^,995
20160321133612,사은품도 좋고 무엇보다 아기가 좋아할 것 같아요,351
20160322132734,애기 100일 선물로 사줘야겠어요,571
20160322132902,고민고민하다가 결국엔 알집매트로 구입했어요!!! 상품평써서 에그빈백도 받아야겠어요ㅋㅋ,549
20160321124217,호비보러 왔어요^^ 반갑습니다,456
20160321124254,울둥이가 넘 좋아라하는 호비 기달렸어요!,834
20160321124313,방송 알림신청하고 왔지용~ㅎㅎ,428
20160321124400,미리신청하고 방송보고 있답니다,375
20160321124435,지금도 뭐든지 호비와 함께하는 딸아이？너무 너무좋아해요,522
20160321124849,어린이집 보내기전에 시켜주려구요^^기대되요,847
20160321125100,원래 보던건데 사은품이 너무 좋네요,73
20160321125909,구성 너무 알차네요~사은품도 푸짐하고...2단계 신청할거에요^^,200
20160321130441,아이챌린지 너무 좋아 셋째도 신청해요,388
20160322132259,아이들이 있는 집에 꼭 필요한 상품이네요!!,146
20160322131300,구매완료 세번참여하고 무선주전자 받을수있겠어요^^,625
20160322131430,진짜 고민천번끝에 구입했습니다!♡ 마음에쏙들었으면 좋겠네요~^^,57
20160322132045,플레이캐슬 구입했어요~~ 너무 기대돼요^^,588
20160322132954,듀오그레이 원뿔구매완료!,308
20160323103212,방송알림해놓고 기다리고있었어요~^^,486
20160323103846,글이 많지않고 그림이 이뻐 흥미있게 볼것같아요~^^,336
20160323104552,정말 좋은 책 구성이에요 진짜 소장가치 100프로에요,219
20160323112428,저도 구매합니다 아이가 좋아할거같아요^^,750
20160323124154,알람해놓고기다렸어요^^,238
20160323233045,I study English in 시원스쿨 everyday,886
20160323131032,세트가격이 일반 유모차 하나 가격이네요,478
20160323102745,아이들 필독도서죠~,164
20160323105432,착한 가격에 알찬 구성^^,29
20160323112135,신랑 설득시켜 결국 구입했네요~ 우리 애기들한테 너무 좋을거 같아요~!!왠지 뿌듯하네요^^,930
20160323124733,방송전에 구입하고 지금보고잇어요ㅎㅎ 선주문후시청 입니다ㅎㅎ,586
20160323130045,미리홈페이지로 그레이로 구매해놨는데 벌써품절이라니 ~,778
20160323131639,그레이사고싶어요,461
20160323230738,시원스쿨 재밌어요. 영어 울렁증 극뽁~!,580
20160323124443,와우 멋지네요~~~,129
20160323225423,광고가 머리속에 콕!!,31
20160323225929,열심히 해야겠어요~,128
20160323124131,아 드디어 기달리던 조이방송!,586
20160323124211,조이를 보게되다니 gs짱에요,866
20160323124230,방송얘기듣고 설레더라구요ㅎ기대되요!,556
20160323124319,방송전부터 너무기대했어요 꺄,961
20160323124550,조리원동기들한테 단체톡보냈네요 ㅋㅋ,387
20160323124632,베페에서 넘맘에들었는데 구매했어용!,403
20160323124658,아어쩜 지에스 정말 짱이에요,33
20160323124835,아직 출산은 남았는데 일단사야겠죠ㅎㅎ,588
20160323125207,윰차도 편하게 지에스에서샀네요^^,791
20160323125740,너무 사고팠는데 편하게득템해가요,180
20160323125804,지에스정말 사랑합니다♡잘샀어요!!,212
20160323130002,카시트까지 조이로다 장만했어요^^씬나요!,848
20160323130158,소문듣고왔어요ㅎ후딱구매완료,768
20160323130332,베페서 밀어보고 반했는데ㅎㅎ구매완료!,520
20160323130346,구매합니다~아기랑첫봄나들이갈래요,333
20160323132207,버건데 보여주세요,104
20160323103657,머리 감다가 알림 듣고 뛰어 나와 방송봐요^^♡,739
20160323105352,구성은 정말 좋은거같데요,83
20160323124256,6월 출산앞두고 있는 예비맘인데 기대되네용~~~,342
20160323230219,남자친구도 이거 사서 해외인턴하러갔어요!,624
20160323112149,저도 드디어 구매했네요~^^,561
20160323125242,첫아가 유모차  선택끝~  후회없겠죠?,507
20160323130008,아이와 봄나들이하기 딱 좋겠어요,654
20160323131711,버건디도 색상 보여주세요,490
20160323230743,이민계획있는데 지금부터라도 시작해야겠습니다,92
20160323232808,어제 모바일로 미리 주문했어요ㅎ,432
20160323104457,다른종류 책도 보고 싶어요쇼호스트분께 말씀 좀 전해주세요~,952
20160323102747,눈도장콱콱^^찍던 상품이네요~~,672
20160323233012,한번해보고싶은데ㅡㅡ 영어영어ㅜㅜ,562
20160323124137,지금바로구매합니다,984
20160323124736,8월출산예정이지만ㅋ구매완료했습니다,801
20160323124741,"으아아~ 많이 기다렸습니다~ 조이 우모차, 카시트 넘넘 궁금했어？!! ^^",147
20160323230600,저는 이미 시작했지말입니다.,849
20160323231259,주변에 강의 듣는 분 있어서 관심이 가요,357
20160323105923,아들 유치원에서 봤던책이네요 주문완료!!,107
20160323130254,기다렸던 상품ㅋㅋ너무 이뻐요 바로 겟!,235
20160323230754,외국인들 만나면 더이상 숨고싶지 않아요,760
20160323125234,드뎌 방송보네요 바로 주문해야겠어요 ^^,141
20160323130434,브레이크설명부탁드려요,823
20160323111351,주문했어요^^♡이제 머리 말리러 고고씽!,550
20160323111752,아이들~무척  좋아하겠죠!!,321
20160323125607,우리아가 100일선물로다가 미리 구매하고 시청해요^^,35
20160323125745,오늘 방송을 얼마나 기다렸는지!! 구매완료 했습니다!!,398
20160323131345,8월 출산 예정인데^^ 좋은 가격에 좋은 구성품이라 질렀어요~~~^^,89
20160323102737,이 책은 연령대가 어떻게되나요?,555
20160323102739,정말. 사고 싶은 구성이네요^^,732
20160323105554,이미 구입해 우리 아이들 아주 잘 보고 있어요 사은품도 책장도 good~^^,193
20160323110959,글자 크기는 어느 정도인가요?,293
20160323112547,색감이 참 이쁘네요,815
20160323125551,매장에서 보고 남편이 더 좋아했어요 조이크롬 우리아가 첫 유모차로 선택했어요^^,536
20160323132652,디자인이 참 모던하네요,918
20160323110454,기대하고 주문했습니다. 책장도 함께 보내주시면 좋겠네요~^^,376
20160323111120,4살아이책 구매완료요^^,42
20160323124419,출산전이지만 구매합니당,572
20160323125430,이제품 평니 너무너무 좋아서 구매했네요!!^^,867
20160323131021,안전바 분리되는것도 한번 보여주세요~,135
20160323131702,역시 인기가 어마어마하네요^^,3
20160323102607,엄마들사이에서 입소문이 참 좋은 네버랜드♡,818
20160323105605,너무 기다렸어요못기다리고 새벽에 주문했어요^^,808
20160323103709,모두 외국 작가들 책인가요??,565
20160323104957,7살 아이 동화작가가 꿈인데... 방송 보자마자 하나 구매했어요..!,801
20160323105950,주문완료 제가더설레여요~^^,608
20160323125201,출산 앞둔 지인에게 선물해야겠네요!,713
20160323225203,시원스쿨 좋다는 소문 듣고 왔네요♡,650
20160323231835,영어 울렁증을 자신감으로 바꾸고 싶어요,965
20160323130420,너무예뻐요♡♡♡♡,820
20160323132647,주문했어요!! 이주후 출산인데 기대되요:))),885
20160323224054,오늘은 대표님 나오시나요?,725
20160323224103,기다렸어요!!,961
20160323224119,시원스쿨 대표님 보려고 방송봅니다^^,708
20160323224148,빠른배송 좋아요,274
20160323224206,좋습니다~기본에 충실!!!,282
20160323224224,울신랑열심히영어공부한다는데믿어볼려구요^^,743
20160323224238,공부 열심히 할게요 화이팅~,673
20160323224325,탭과 책을 보니 잘 할 것 같은 예감이 듭니다^^,371
20160323224334,나이먹고 시작해보려구 주문했어요재밌네요~^^,298
20160323224353,화질좋고.내용좋고~만족입니다~,405
20160323224419,Don't Worry~ 영어는 시원스쿨이죠^^,565
20160323224433,쉽고 잼있어요~~~^^,592
20160323224447,강의들을때 쏙쏙 들어오는것 같아요. 영어가~,219
20160323224529,유용하게 쓰고 있어요!,100
20160323224538,시원스쿨 믿고 구입했습니다. 좋습니다!!,509
20160323224730,Never Give Up! 영어공부 잘해볼게요:),596
20160323224759,지패드도좋고 영어도 시원합니다~~,143
20160323224817,왕초보라 걱정했는데 기초부터 알려줘서 괜찮네요,81
20160323224828,반복적으로 알려주니 도움이 많이 되네요,462
20160323224851,너무 오래 손놓은 영어‥퇴근후 열공해보렵니다,278
20160323224917,초등학생딸이보는데쉽고재미있다고하네요^^,85
20160323225137,이론에 얽매이지 않는 직관적 이해가 넘잘되요!,280
20160323225238,영어마비인 저에게 너무 즐거운 수업ㅎㅎ,85
20160323225346,자주쓰는 단어위주로 하니까 이해가 쉬？어요,651
20160323225423,쉽고 재밌습니다. 열심히 하겠습니다.,80
20160323225540,꾸준히 사용해서 영어 실력 올릴라구요~,694
20160323225615,진작 영어를 이리 배우면 좋았을껄싶네요ㅠㅠ,363
20160323225955,올해 여행계획도 있고해서 노력해볼까 합니다.,731
20160323230018,열심히 공부해 보겠습니다^^*,659
20160323230121,기다리고기다렸던 방송 오늘횡재한것같네요~~,182
20160323230201,열공해야 될것 같아요!!!!,616
20160323230346,This time will not miss it! ^^,383
20160323230425,좋은 강의 열공하렵니다.,143
20160323230512,공부 꼭 열심히 할게요 화이팅~!!,324
20160323230550,강의 내용도 좋지만 g패드가 아주 좋습니다,658
20160323230607,빨리공부해서 혼자 해외여행가는게 목표임다ㅋ,425
20160323230715,모바일로도 강의를 들을 수 있을까요?,66
20160323230905,GS에서도 대표님의 맛깔나는 강의 듣네요^^,330
20160323231102,얘들이 너무 도움이 된다고 합니다,797
20160323231133,쉬워서 스트레스없이 가볍게 잘하고있어요,365
20160323232120,고등학생인데괜찮나요?,735
20160323102641,히히 그림책도 보고 커피도 마시고,362
20160323232632,열씨미 해볼려구요,957
20160323232704,천천히 공부중. 기존 회화강의보다 훨씬좋아요,955
20160323232725,대박 만족중입니다! 시원하게 영어가 되네요,463
20160323232739,강의시간 30분정도라 무리없이 할수있어좋아요,465
20160323232752,영어가 너무 재미있어요 진작 시작할껄~,550
20160323232921,해보니 정말 쏙쏙 들어오네요^^,606
20160323232942,영어 공부 시작하려는 분들께 적극 추천!!,547
20160323232953,온가족이 같이 공부해요 만족해요,11
20160323233027,쉽게 반복학습~넘 좋네요,885
20160323233054,일년후의 달라진 나를 기대하면서~~,632
20160323233310,열심히해서왕초보탈출하고싶어용,292
20160323233357,영어를 제대로 배우는게 뭔지 알게？습니다!!,971
20160323233518,영어기초의 표본! 시원스쿨로만 공부합니다~,282
20160323102656,네버랜드 책으로 우리 아이 감성을 키워주려구요^^,373
20160323105150,4살 딸아이 어린이날 선물 미리 준비하고싶네요^^,664
20160323111830,톡~좋아요^^,645
20160323130623,카시트장착하는법도보여주세요,103
20160323105227,여태 눈빠지게 기다리다 어제 미리주문했어요^^,323
20160323105938,주문했습니다! 기대되네요~,828
20160323125353,이제품 너무너무 기다렷어요 ㅠ,719
20160323131636,계속 기다리고 있던 크롬 인기가 장난이 아니네요~,706
20160323132644,어댑터 연결하는 방법 설명 좀 해주세요!,971
20160323230645,영어는 시원스쿨이지 말입니다!:),42
20160323231158,지금 구매했는데...열심히 해야겠다. 화이팅,363
20160323233347,초보탈출 고고~~,396
20160323111157,아이들이 참 좋아하겠어요!,109
20160323124203,드디어하네여♡,694
20160323124314,드디어 방송 시작했네요! 조이 크롬ㅎㅎ 어제 미리 주문부터 해놓고 시청중이예용♡,193
20160323125939,아가가 7개월인데 맘에드는거 찾고찾다가 이제야 발견해서 구매완료했어요,474
20160323130928,카시트장착상태에서는 폴딩이 되나요?,429
20160323105637,참 착한가격이네요^^,556
20160323125202,구입했어요 빨리 와서 봄나들이 가면 좋겠어요 ^0^,430
20160323233258,아들초등학교입학과동시에저도시작했습니다!,383
20160323131830,셀프스탠딩 기능 되나요? 보여주세요.,18
20160323102916,우리 아들이 아직 한글은 약한데 책은 관심이 없는데 그림이나 만화책은 좋아해요 지켜보아요~,896
20160323103048,무지개 물고기 아이가 너무 좋아해요,933
20160323104634,고민고민하고있는 중인데 너무 좋을것같아요^0^,625
20160323105119,방송 기다리다 구매했어요^^ 우리아이와 책 읽으며 행복한 시간 보낼께요~~,442
20160323110502,상품평은 어디에 적나요??^^,945
20160323110507,칼데콧 상~ 믿음직하네요!!,509
20160323110626,7세 맘인데 늦은거같은데 괜찮겠죠 너무맘에드네요,73
20160323110701,좋은 구성이에요^^,236
20160323230122,기대됩니다~~,480
20160323230241,기대이상입니다~ 영어가 재밌어지기 시작했어요,356
20160323231514,영어 스트레스 시원하게 날려주세여~~,609
20160323232415,기대됩니다 열심히 해볼랍니다^^,144
20160323233018,영어가 필수인.기본인시대에 꼭 맞는 교재,0
20160323105327,일곱살우리딸좋아하겠죠?주문합니다.라잇나우..^^,713
20160323124700,이시간만 기다리고있었어요,467
20160323131337,양대면보여주세요,829
20160323224100,지금 구매하고싶다,431
20160323230338,다시 무언가에 도전하고 싶은 열정이 생기네요,172
20160323103734,전집 고민하고 있었는데 넘 좋은기회네요!,799
20160323132645,버건디 보여주세요~,474
20160323224924,좋아요,535
20160323104633,전부 수상작들인가봐요?!!,195
20160323110233,오오 구성이대박!!^^,583
20160323130909,카시트까지 세트가격이 보통유모차 하나 가격이네요,229
20160323131247,어제 미리 구매했어요^^,389
20160323224125,오호 대표님 나오시나？ㅎ,56
20160323224213,오늘도 시원스쿨로 영어공부!!칭찬해주세용♡,658
20160323103125,네버랜드는 애기 있는 엄마들에겐 필수죠♡,945
20160323125654,디자인 효율성 안전성 모두모두좋네요^^,487
20160323124227,유모차는 조이크롬으로 살려고했는데 홈쇼핑에 나와서 너무 좋네요~^^,40
20160323125235,살려고 방송 기다리고 있었어요~,963
20160323125509,첫째유모차는 요걸루~^^,382
20160323130207,조리원동기 4명이 모여서 같이 보고 구매합니다~!!,974
20160323130417,알림신청해놓고 그레이 구매했는데 바로 매진이네요^^,587
20160323224512,시원스쿨   기대가    큽니다,825
20160323230405,시원스쿨 선택했습니다. 완전히 열공할래요!!,919
20160323230914,왠지 나도 하면 될것 같은 희망이 생기네요,96
20160323231502,엄마도 아이도함께하기 넘 좋을거같아요^^,899
20160323231553,구매했네요~~빨리 받아보았으면~설레이네요^^,155
20160323231849,지금 신청했습니다! 너무 기대됩니다^^,576
20160323124419,베페가서 구매하려 하다 GS에서 첫 런친한다는 말에 기다렸어요,254
20160323104410,우리 영이가 보채서 사게됐네요 기대됩니다~,765
20160323132329,시트는 한 면만 사용가능한건가요?,720
20160323225623,영어공부는 시원스쿨이지 말입니다!!!♥♥,255
20160323231326,영어가 안되면 시원스쿨닷컴!!!,477
20160324135312,조카 사주려고 기다렸었어요. 구성도 알차고 감사해요,186
20160324134515,3살 조카에게 사주려고 합니다^^,84
20160324134131,핑크퐁 방송알림하고 기다렸어요,908
20160324134357,핑크퐁 저번에 못사서 아쉬웠는데 또 떠서 다행!,359
20160324134435,책들에 보통 그림이 많나요 글이 많나요?,883
20160324135130,사은품 플레이매트가 더 탐나용,382
20160324140552,기대했던 핑크퐁! 아이들이 너무 좋아할거 같아요 ^^,895
20160324140832,쇼핑호스트분 유치원 선생님 같아요 ^^,78
20160324141124,헝겊책 세탁은 어떻게 해야할까요?,965
20160324134558,아유 너무 귀여워용,123
20160324135842,전에 방송 놓쳐서 엄청 기다렸는데 오늘 구성 감사해요!기대되네요,467
20160324135727,마니기다렸어요~  아직아기가6개월인데잘놀수있을까요?,21
20160324134211,꺄아~드디어 시작이네요.너무기다렸어요,781
20160324134721,핑크퐁! 아이들이 넘 좋아하겠어요^^,412
20160324135020,사운드북 너무 신기해요. 요즘 좋아졌네요ㅎㅎ,509
20160324135640,와 책 진짜 많이 주시네용?ㅎ.ㅎ,821
20160324135924,쇼핑호스트분들 너무 재밌게 설명해주시네요~~^^,374
20160324140124,책 수준은 어느 정도 인가요?,892
20160324140352,정말 기다렸어요 ^^ 얼른 구매!!,795
20160324141320,책 수준은 어느 정도 인가요?,962
20160324141601,쇼핑호스트 두분 너무 재밌어요 ~,716
20160324135238,울조카사주고싶네요~^^,713
20160324140649,구성도 다양하고 아이들이 좋아하겠어요~,58
20160324140951,"아기가 이제 3살이라, 같이할만한 놀잇감이나 책이 많이  필요하네요.기대되요!^^",615
20160324141612,아이 둘 둔 엄마입니다. 꼭 사야겠어요!,868
20160324135814,아이가 핑크퐁 가방이 갖고 싶대요ㅋㅋ,635
20160324140117,호스트분들이 참 재미나네요.,870
20160327132719,이번에 외국 나가서 영어로 대화하고 싶어서 구매합니다,632
20160327211431,외항사 인터뷰 영어 늘 부족했어요 시원쌤님 믿고 부족함 채워 꼭 합격할 겁니다. 화이팅!!,355
20160327204842,오 신기신기 ㅎ,124
20160327211120,기초영어만 있나요?,109
20160327123223,길에서 외국인이 길물어볼때..ㅠㅠ,542
20160327123245,우리애들이 영어동화책 읽어달라할때요~,208
20160327123250,진급 시험 볼때...,17
20160327123254,방금 누페이스 주문했습니다.  기대만큼 효과 있었으면 합니다.^^,901
20160327123306,자막없이영화못보는날 발견할때 ~~,91
20160327123321,외국인앞에서 입이 안떨어질때ㅋㅋ,399
20160327123332,매년 새해 목표가 영어공부일때~~,795
20160327123519,새해를 맞아 또다시 다짐을 하고 시작해봅니다.  영어~ 넌내꺼야,170
20160327123534,올해는 시원스쿨과 함께 초보탈출,363
20160327123628,"강의가 쉽고 재밌어요, 제발 이거하고 말할수 있기를~~",918
20160327123701,아직 영어왕초보지만 시원스쿨을 믿고 올해 남편과 함께 스피킹에 도전합니다!!,638
20160327123711,좋아요귀에쏙쏙,385
20160327123802,50대지만 늦지 않았겠죠 ??,698
20160327123909,완전만족~머리에쏙쏙ㅋㅋ 완전왕초본데 잘쓸께요,49
20160327123958,40년간 숙제로 항상 맘에 짐처럼 자리하던 영어ㅜㅜ이젠 앞이 보이네요~,894
20160327124041,영어 공부 시작하다가 늘 포기 했어요 ㅜ,519
20160327125104,영어 울렁증 극복해보겠습니다~믿습니다~^^홧팅,424
20160327133008,계속 고민하다 이제야 주문했네요. 아이와 함께 열공 해보도록 할게요.,785
20160327133333,"영어공부 고민만하다가 구입했어요, 단어공부가 정말 부족한데 시원스쿨로 많이 늘었으면..",313
20160327133357,결국 구매했네요^^올해는 영어정복 하고싶어요~♥,386
20160327203738,반가워요 시원쌤!!ㅎㅎ,501
20160327204416,기초바닥 초보인 저도 하고싶은말 영어로말할수있겠？?,26
20160327204736,저도 다시학생으로돌아가 공부해볼게요~부탁해요 시원쌤~>~,444
20160327204905,남동생이 사용하고있는데 완전추천하더라고요 좋아요,115
20160327205254,혜택이  좋은것 같으네요. 결정을 해야겠어요~,895
20160327205853,꾸준히 할 수 있기를 기대해 봅니다.*^^*,79
20160327205928,입에서영어단어만 맴도는 저를위해 수강할게요!응원해주세요!,985
20160327210322,저도 회화잘하고싶어요ㅜ.ㅜ,527
20160327210516,해외 나갈때마다 투명인간되는 제모습ㅠㅠ바꿔주세요~~~,434
20160327212424,올해 목표. 프리토킹이라 관심있게 시청중입니다,109
20160327212752,아까 꾸준히 할수 있을까 고민한 사람인데  일단 주문했습니다   한번 해보려고장,636
20160327210223,좋네요.,976
20160327203847,"울아들,딸 넘 재밌게 수업 듣고 있네요. 시원쌤~~감사감사^^",318
20160327212350,시원강사님과 시원하게 영어정복! 얍^^,653
20160327203618,이방송 기다렸어요~~^^ 기대됩니다!,876
20160327204448,늦은나이에 육아로 힘들고 바쁘지만 영어왕초보 탈출해보려고 고민하다 주문합니다.,410
20160327211312,제가 꾸준히를 못하는데 과연 할수 있을까요?,51
20160327205236,시원스쿨 좋다고 소문듣고 왔어요!♡♡,671
20160327205648,항상머리속으로만하고싶은영어이젠시원스쿨로도전~,580
20160327130431,자녀공부를위해서 제가먼저 해보려고해요 아이들한테도움도는 엄마가되고싶어요,415
20160327132453,54세 주부입니다. 영어에 대한 목마름을 시월스쿨로 시원하게 풀어봐야겠어요.,588
20160327131331,오늘이 우리 딸 인생에 중요한 반전의 계기가 되었으면 하는 간절이 바래보며 구매합니다,217
20160327210920,음 늘 닥치면 생각했다가 이내 잊어버리는 영어 ？시원스쿨과 함께 시작해볼까요? 8265,801
20160327205445,이번에 호주로 이민가는 처제가 사 가지고 갔어요 ㅎ,286
20160327212303,영~어가 안되~면 시원스쿨^^ 홧팅!,267
20160327123321,생각하고있는 말이 바로바로 안나올때요ㅜ,694
20160327131146,매일매일 공부할 자신이 없어서 망설였는데 시원샘 말 듣고 용기 내 봅니다.,806
20160327204316,드뎌 신청했습니다.화이트 계속 품절이라 기다리고 기다려서 ㅎㅎㅎ 케이스 원츄~~,691
20160327133329,주문하고 나니 열공 하겠다는 의지가 불타오르네요ㅎㅎ,479
20160327124218,시원스쿨 방송 기다렸어요~,119
20160327125109,무조건사야한다,77
20160327124257,맞아요 ㅠ 영어단어는 알아도 연결이안되요,980
20160327124420,시원스쿨 탭으로 영어공부 열씨미해서 영어말하기에 자신감이 붙을수 있도록 도전합니다!,145
20160327124454,30대 중반인데 늦지 않았다는 말 너무 힘이납니다 ^^,521
20160327124545,50대를 훌쩍 넘어 버린 대학생 둘을 둔 주부입니다.더 늦기전에 용기내어 조금이라도 배우려구요~,94
20160327124727,시원쌤 말처럼 올해 결심대로 꼭 이루어지도록 열심히 할거예요 ~응원해주세요,40
20160327124836,빠르고 좋아요출퇴근시간에 잘 듣고있어요 ♥,601
20160327124844,이제 꿀먹은 벙어리 안녕~~~~~,79
20160327124921,어순연결이 어렵고 쉽게말이 나오지않아서 사게되었어요!!,567
20160327124957,처음부터 부담  없이 말만 하자 싶은 마음으로 구매했어요 ~,34
20160327125028,지금하지않으면 평생못할거같아서용기내봅니다 ^^,188
20160327125248,영구소장이라구입했는데  이번엔강의내용다숙지해보겠습니다~,203
20160327125305,딸아이가 열심히 했으면 좋겠네요~~~^^,10
20160327125425,탭이라서 들고 다니면서 공부 할 수 있어 너무 좋습니다.,506
20160327125446,영어공부 10년.. 왜 늘지가 않을까요~ ㅠㅠ,856
20160327125533,맘에 듭니다. 미국 가서도 계속 사용하려고 탭 구매했어요. 저렴하게 잘 구입했네요.,887
20160327125709,시원스쿨 강의 수강중인데 강의 내용이 좋아서 계속 반복 학습할 생각에 구입했습니다.,916
20160327125730,새해 목표중 하나 영어공부~~시원스쿨로~열심히  해야쥐,908
20160327125754,아~ 주 기초적인것브터 차근차근 공부하니 좋아요~,557
20160327125809,이름처럼 시원시원하게 어려움을 해결할수 있는 공부법이네요~,496
20160327125918,기초부터철처히잡아줘서처음영어를접하는이들이즐겁고흥미를유지하면서영어를할수있을것같아요,322
20160327125936,몇 번 망설이다 구매했는데 진작 시작할 걸 하는 후회가 드네요 정말 최고예요,145
20160327130109,다시 학창시절로 돌아간것 같습니다집안일 하며 쉽게 따라할 수 있어 참 좋습니다!!!,714
20160327130137,신랑이 독학으로 영어공부시작한지 일년진전이 없다며 풀죽어 하길래 선물하게 됐어요,123
20160327130255,자녀의 영어실력에 도움이 되었으면 좋겠습니다.,432
20160327130335,"구매후 출퇴근시 차에서 공부하고 있어요,  남녀노소 누구든  도전하면 좋을거 같아요",981
20160327130348,유은정 호스트님 말믿고 삽니다. 바쁘다는 핑계로 늘 영어 공부  못했었는데  맘먹고 해보려구요.,817
20160327130620,대학에 입학한 아들내미를 위해서 구입.같이 공부해 볼까 합니다.ㅎㅎ,237
20160327130648,정말 초보부터 있네요 ㅎ그래도 반복청취하며 기초 다지고 있어요,672
20160327130659,역시 시원스쿨입니다강의가 쉽고 재밌어서 기대가 되네요,295
20160327130716,아이들과함께해보려고구입했어요~^^ 꾸준히열심히하는게젤중요한듯~,357
20160327130741,흥미롭게 쉽게 진행하는 강의  꾸준히 들으면 기초가 탄탄 할거라는 믿음!!,749
20160327130755,생각보다 강의가 쉬워 쉽게 따라 할 수 있어요20대 저랑 50대 엄마랑 같이 사용합니다~,274
20160327130833,올해 목표 영어 공부해서 자유여행가는겁니다 신나게 잼나게 하고 있어요,503
20160327130909,늦었지만 차근차근  공부해볼겁니다.하루가 이나이가되니 무의미하게 보냈는데 이젠 아니에요~,270
20160327130931,틈틈히듣구있는데쉽게할수있구왠지자신감이붙는거같아요~~!,369
20160327131018,무료체험 안하고 바로 탭으로 공부중.  영상 반복학습이 굿!,543
20160327131029,기초부터 알차게 내장되있어서 아이와 차근차근 들어보고 있지요~,871
20160327131623,우리 가족 모두 사용을 하게 되어 시간을 정해 놓고 쓰기로~~~~^^,448
20160327131635,동생이 사용하고있어 고민 안하고 샀어요~~좋아요~~,109
20160327131650,영어와의 전쟁.. 이제 끝을내보려 합니다 !!,905
20160327131706,다른  차원으로 접근한 영어공부라 좋아요~열씸해야겠어요~,637
20160327131749,가지고 다니면서 공부할수 있어 좋네요 ㅎㅎ 편리성과 휴대용 짱★,313
20160327131858,꾸준히만 하면 좋을것같아요..^^딸이랑 남편이랑 같이 써요...,916
20160327131924,시원스쿨 귀에 쏙쏙 들어옵니다 영어울렁증 이젠 굿바이^^,142
20160327132015,우리가족 영어공부 책임질 꺼에요~애들이 더 좋아 하네요~~^^,168
20160327132047,저렴하게 구입했네요!영어공부 열심히 해보려구요,802
20160327132120,외국나가서 말한마디 못한 제가 생각나네요ㅠㅠ이젠 더이상 피할수없는 영어~,58
20160327132137,정말 쉬워요. 설마 했는데 영어가 너무 재미있어요진작 시작할껄,75
20160327132242,시원스쿨탭으로 시간과 장소 가리지않고 공부할수 있어서  정말 좋아요~♡♡♡,359
20160327132338,올해 열시미해서 영어로 대화한번 제대로 해볼려합니다,555
20160327132441,늘 망설이다가 구입해서 공부하려고 합니다.좋은 강의 열공하렵니다.,398
20160327132929,회사 직원이 사용하는거 보고 구매했어요. 편리하게 공부 할수 있어 좋아요.,505
20160327132956,방송보다가 다시금 외국어 한마디라도 하고 싶은 느낌과 의욕이생겼어요!,268
20160327133011,이제 작심삼일은 더이상 그만~~~~~이길,521
20160327205512,시원스쿨 짱!!,937
20160327123923,지금 시작해도 되겠죠?,248
20160327133210,"저도 다 아는데, 못 쓰는 사람이네요ㅠㅠ 습 하겠습니다",338
20160327210430,50대입니다용기를내어시작해보려합니다~~^^,174
20160327210837,시원스쿨 좋다고들 해서 저도 구입했어요^^ 기대되네요^^,920
20160327123226,영어가 안되면 시원스쿨~~,634
20160327125834,벼르고 벼르다가 드뎌 주문해요!! 저도 5개월 후엔 언니처럼 말할 수 있기를~,531
20160327205718,탭색고를수잇나요?,668
20160327210704,도전!!!!!!!탭 얼른 주세요!!!!ㅎㅎ,909
20160327210819,진짜 망설였는데...,33
20160327210842,올해2016년 목표 영어말하기입니다.기대됩니다.,938
20160327211802,올해엔 꼭 프리토킹을!!!,277
20160327212004,자투리시간 이용해서 남들몰래 영어초보 탈출해볼게여!!!!><,576
20160327212150,됴아요죠아오!!!,809
20160327212214,눈으로읽는영어가익숙했는데이젠입으로해보겠습니다!!!,726
20160327212306,와이파이 신경쓰지않아도되는게 너무 좋은데요?,686
20160327212350,"화이트 빨리 받아보고싶어요 크기도 손에 딱들어올것같고""""",714
20160327212448,고민 고민하다 드뎌 주문했습니다.!!,362
20160327212522,가지고 다니면서 공부할수 있어 좋네요~,999
20160327212611,끈기가지고 열심히해보려 주문했어요!케이스 갖고싶어요!,629
20160327212630,바쁘다는 핑계로 늘 영어 공부  못했었는데 힘내보겠습니다@.@,505
20160327212738,탭도좋아보여요,167
20160327212802,지금열정같아서는 잘때도 틀어놓고싶어요ㅎㅎㅎ,431
20160327210135,시원스쿨로 영어 울렁증 도전하고 싶네요!!!,564
20160327125527,남편도 샀어요^^ 회사일에 도움이되면 좋겠네요,243
20160327130320,이시원 선생님 설명을 듣다보니 꼭 시작해야 되겠다는 결심이 들어요!,790
20160327132437,영어의 필요성은 이미 느끼고 있었고 시원스쿨 3개월 고민하다 드뎌 결재했습니다!!,118
20160327132549,기대와 설레임으로 시작해보려 합니다~~,642
20160327211046,^^ 좋은결실 맺을거예요~,294
20160327124553,63세된 할머니에요  시원스쿨  두번째  수강신청연장하려고하던차에 너무고마운탭이나왔어요 ~,387
20160327131052,어디서부터 어떻게시작할지몰랐는데 기초부터 탄탄하게다져주니까 좋은거같아요,163
20160327131717,혁신적인 의사소통이 이루어지길 간절기대~~^^♡,231
20160327210004,궁금해요!시원스쿨강의만 들을수있나요?,635
20160327123421,에브리데이,501
20160327132303,gs에서 만나는 시원스쿨은 반갑고 신기하네요,405
20160328103241,ORT와 함께라면 아이들이 재미있게 영어를 배울 수 있을 거 같네요~~,555
20160328103243,펜에서 한국어 번역은 안나오나요?,135
20160328103550,몇 살부터 사용할 수 있나요??,937
20160328103722,조카사주고 싶어요ㅜㅜ,222
20160328103809,니콜샘 완전 반가워요 ^^ ort는 우리집 최고인기 리더스예요 짱짱!,43
20160328105606,기다리던 방송입니다. 오디오북도 보여주세요~ 궁금합니다.,970
20160328102929,기다렸던 방송이에요~~~~,160
20160328110913,조카 선물  생각중이었는데  큰맘 좀 먹어봐야겠어요~~,321
20160328112050,앗.풀세트 매진이라 1-5단계 먼저 주문해요~~~^^기대됩니다~~!,546
20160328104207,유명해서 벼르다 지릅니다!  가격도 최저가로 착하네요 카드할인도 팍팍!  감사해요 이런기회,969
20160328110049,그래! 이번엔 결심했어! 예지야~~홧팅하자^^,46
20160328104545,지난방송때 구매했는데 배송된날부터 지금까지 매일매일 보네요~~~ 너무재밌어해요!!,232
20160328104624,3살 아가에게도 도움이 될까요?,682
20160328105702,스토리도 재밌게 구성되어 있어 아이가 질릴틈이 없겠네요~~,409
20160328103634,아이랑 같이 영어공부 할 수 있겠어요:),231
20160328104654,아이들이 영어에 관심갖게 하기 딱 좋은 책!,311
20160328112058,아이들에게 꼭 사줘야 할 듯,915
20160328105352,"초3여아.. 학원안다니고,영어책으로~영어정복중인~^^다독하는 아이는 홈스쿨로 최고",399
20160328110243,우리 아이를 위해 한 번 투자해볼렵니다!!,742
20160328112557,저번방송에서 풀~세뜨구매했어요 아이가 영어책을 깔깔~웃으며 봅니다~^^,479
20160328110601,아이와 함께 읽으려고  망설이다 드디어 구매했네요 아이와 즐겁게 읽게되길...^^,642
20160328103932,제가 살 땐 9단계 풀셋뿐이라.. 지금 풀셋이 혜택도 좋구... 탐나네요 ㅎㅎ,532
20160328105837,저도 재미잇어 방송내용에 빠져드네요~^^,598
20160328105601,방송으로만 경험해봐도 재미있어 보여요. 즐기다보면 잘하게 되겠죠?,284
20160328112814,매진되기전에 구입해서 다행이예요^^,826
20160328104012,드디어 주문완료요^^ 아이들과 열공할께요 ㅎㅎ,985
20160328105450,주문완료요~~^^옥스포드 와이즈북부터 리딩트리까지 풀셋트 주문하고 뿌듯하네요~^^,447
20160328111009,정말 영어 걱정인데ㅠㅠ 도움많이될것 같아요,57
20160328111509,우리 아이 이제 22개월인데 함께 영어공부 시작해야하나봐요ㅎㅎ,619
20160328111847,풀세트 매진ㅠㅠ 너무 늦게 봤네요 아쉬워요 방송알림 해둬야겠어요,949
20160328112027,울 둘째도 꾸준하게 영어읽게 만들어야겠어요 흥미를 언제 붙이려나요ㅎㅎ,462
20160328112116,제가 영어를 잘 못해서ㅠㅠ 아이와 같이 공부하는데 도움되려고 샀습니당^^,174
20160328111632,워낙 유명한 상품이라 티비에서 보자마자 질렀네요~빨리 오기를^^,83
20160328103938,가격이 세긴한데 오늘 신한카드 청구할인이라서ㅎ 시원하게 지릅니다,399
20160328104507,20개월 둘째도 좋아해서 세이팬 하나 더 샀어요,396
20160328104547,자기 전에 아이와 같이 ORT로 노래해요~~,127
20160328104714,유치원갔다오면 간식먹으면서 편하게 보면서고 웃고 깔깔대며 저한테 설명도해주네요~~,368
20160328104843,항상 고민만하고 있어요...이번엔 구매해야할것같아요 ^^,557
20160328105206,"기다리던방송~ 운동하다 알림문자받고,집으로달려와 드뎌구매했습니다~^^",448
20160328110927,ㅎㅎㅎ너무 신기해요 ~~ 주문 바로 고고씽~~,915
20160328112640,방송 집중모니터 4회. 방송알림만 몇달째. 고민고민끝에 풀세트 주문완료했어요!!! ㅎㅎ,526
20160328105252,저희 24개월 딸도 언니랑 서로 보겠다며 싸우는 유일한 책이네요~~^^,495
20160328110114,어른들이 봐도 재밌는데 아이들은 얼마나 좋아할까요:),147
20160328112653,사주고 싶었던 책 이제야 샀습니다.. 좀 부담이 되지만 기대도 많이되네요..,208
20160331103705,오늘은 책 주문하는 날... 아이가 잘 읽을 모습에 설렘,905
20160331105411,고민 끝에 구매완료! 고전과 논술.두 마리 다 잡게 되길..^^,378
20160331103132,구서이 좋으네요,519
20160331103532,딱 필요하던차에  방송해주시니  바로 주믄해야할것 같네요   gs항상 사랑합니다  믿을수있,820
20160331103510,엄마라면 탐나는 구성과 가격 좋아요,778
20160331110900,방금 구매했어요~딸아이가 좋아할 생각에 저도 기분 좋아요^^,260
20160331111602,알림신청해놓고 방금 주문 완료했습다.,298
20160331111317,저도 구입!,419
20160331102832,방송알람 신청해놓고 기다렸어요^^,792
20160331103515,채널돌리다 아이들에게 필요할것 같아 고정해요!!^^,896
20160331104028,우리 아들 논술 준비는 미래엔 논술 명작으로 해야겠네요,704
20160331112119,미래엔의 다른 책도 방송 부탁드립니다~,618
20160331102903,한달동안 정말 목빠지는줄요~~^^,881
20160331103759,구성 참 좋네요!아이들이 참 좋아할것 같네요♡,150
20160331105738,독서하는 습관을 길러줘야겠어요~,675
20160331105611,책잘안읽는 손주사줄렵니다.잘보길....,499
20160331105744,고전 읽히고싶었는데 쉽게읽을수 있겠어용ㅎㅎ,99
20160331105820,유명한 고전명작으로만 되있어서 기대데요!!,137
20160331110014,아이 눈높이에 꼭맞는 두께랑 삽화네요,673
20160331110102,아이랑 같이볼려구요^함께 얘기해가며,183
20160331110425,내용도 알차고 논술에 많은 도움되꺼같아요~~,536
20160331110500,서점에서 사달라고 졸랐는데 지에스에서 저렴하게샀어요,69
20160331110531,스구매해야겠어요 좋을것 같아요,310
20160331110606,너무 유명한책인데 가격넘좋네요!!,905
20160331110852,작은아이가 초등입학해서요.큰아이랑같이잘보겠죠^^,627
20160331111437,고민하다 언제 기회올지몰라 주문했어요!!,759
20160331103759,탐나는책들이네요^^,820
20160331110510,구성이 좋아요♡,153
20160331103015,드디어 기달리던 아이세움이네요!,254
20160331103053,논술명작 전집 구매하려던 참였어요^^,967
20160331103133,아이랑 도서관에 다니면서 아이보다 제가 더 좋아하게 되었어요!!,361
20160331103221,도서관에서 빌려만봤는데 아이위해 주문할려구요^^,158
20160331103308,울아이 이책 잘읽더라구요,345
20160331103417,너무너무 사고팠던거에요!!감사합니다!!!,880
20160331103548,전부터 아이가 하두졸라서요 잘읽겠죠^^,978
20160331103711,전부터 눈여겨봤던건데 오늘 사은품도좋네여!!,122
20160331103757,울아이도 명작에 재미붙이길 기대해봅니당^^,140
20160331104200,명작사주고팠는데 오늘 잘샀어요^^,276
20160331104307,친구에게 추천받아서 믿고 구매해용ㅎㅎ,542
20160331104348,낱권빌려만보다 전집구매해요.아이가좋아하길,932
20160331104419,이책 아주좋아요~~~!!!!!,172
20160331104510,매번 고민하다 오늘은 샀어요^^,245
20160331104545,아이가 책읽는 모습생각하니 흐믓해지네요^~^,550
20160331105027,이방송 한달은 기달린거같아요^^드디어샀네요,52
20160331105140,딱 필요했던 명작전집이에용,396
20160331105225,좋은가격으로 잘산거같아요.사은품도굿,224
20160331105300,명작을 아이가 재밌게접할수있겠죠,552
20160331105350,정말 오늘 행운이네요. 방송보자마자 기다리던 셋트가 딱!,495
20160331105418,딸아이가 이책너무 좋아해요.빨리받고싶어요.,362
20160403200906,색상 고민하다..화이트구입요~,225
20160403200323,영어공부는 시원스쿨이 정답이죠♡♡,679
20160403202510,정말 마지막이라고 생각하고 주문해요 이번기회에 영어실력을 길러서 해외에서 꼭 써먹고싶네요,899
20160403194224,시원선생님강의 잘 듣고 있습니다^^♡♡~~,295
20160403193031,영어학원다니고있는데ㅎㅎ지금당장주문,989
20160403195802,지금이라도 늦지않았다고 ..믿고 주문합니다.,804
20160403194648,홈쇼핑에서 이런 상품을 만날수 있다는것 너무 감사하네요,922
20160403203420,뒤늦게 영어공부 시작해볼래요!!^^,748
20160403192710,알림하고기다렸어요@.@!!!!!,623
20160403192739,대학생 딸아이가 공부한다해서 주문했어요,74
20160403192808,열심히 하겠습니다..기대됩니다..,1
20160403192848,강의 열심히 듣고 영어와 친해지는 시간이 되면 좋겠어요>.<,590
20160403193057,영어실력이 일취월장하기를바라며 화이트로주문햇습니다,436
20160403193208,외국사람들과의 5분대화는 꿈도 못꿔요ㅜㅜ,159
20160403193258,저도영어가입에서팍팍나오는순간이곧오겠죠??,935
20160403193704,기초부터다시해볼려구요 주부도 할수있다는걸 보여줄려구요?^^,315
20160403193758,매일 출퇴근시 운전하며 듣고 있는데 쉽게잘배우고있습니다.,137
20160403194115,꾸준히해볼게요 시원샘!!,56
20160403194352,빨리  강의들어보고파요 ~,455
20160403194503,무제한으로 수강할 수 있는점이 가장 맘에들어요 반복해서들을수있으니,413
20160403194635,영어공부아무리해도 입은안떨어지는게현실ㅜㅜ열심히해볼게요,598
20160403194908,거리낌없이영어로말하는친구들보면늘부러웠어요,387
20160403194922,자유롭게 대화하는 그날까지^^@@,585
20160403194946,와이파이아니어도된다니좋네요,844
20160403195011,그냥듣기만하면되나요?교재없이?,937
20160403195132,시원시쿨 시원스쿨하는 이유가 있었네요 재밌어서 단어가떠오릅니다,638
20160403195631,믿고 구매합니다 화이팅~~~,239
20160403201213,나도 영어로 말하고싶다!도와줘요 시원스쿨!,161
20160403201926,아이들이 공부하겠다고자꾸졸라서 주문해요ㅎㅎ흐뭇하네요,189
20160403202217,탭만 갖고다니면 되니까 편할것같아요,734
20160403202231,프리토킹 정복을 꿈꾸며! 열심히할게요!,524
20160403202246,열심히 꾸준히 하면 자신감이 붙을거 같아요.기대되네요.  ^^,414
20160403202742,아이가 열심히 하고있는데 정말 쉽게 할수있는것같아 좋아요~,413
20160403202812,마흔 넘어서 영어공부 재도전!!!!!!!!!!!!!!,422
20160403202825,애기엄마라 시간은 잘 나지 않지만 차근차근 해보렵니다,709
20160403202934,효과보겠지요. 꾸준히 해볼게요.,401
20160403202946,병신년 새각오로 시원스쿨 시작합니다@@,225
20160403194709,하고 싶은데,631
20160403201326,시원스쿨로 영어공부 시작할래요!!♥,149
20160403194638,매번 할까 말까 망설이게 됩니다  다른 것들을 계쇠 해왔었거든요 이건 정말 할 수 있을까요,849
20160403192938,지금바로주문하러갑니다~~^^,706
20160405093720,워낙유명해서 가격도좋아 구매,150
20160405093915,울아이 첫교구로 선택해가요,438
20160405094054,마침 1단계끝나서 2단계도 시작할려구요^^,141
20160405094252,친구네집서 너무 잘노는거보고 결정했죠~~,310
20160405094317,저같은 육아 초보맘에게 딱인듯,372
20160405094406,첫아이도 호비했는데 둘째도 돌되서 시작해봅니다,456
20160405094553,얼집다녀오고 심심해하는 아이랑 같이 해볼려구요-!,447
20160405093334,1단계 해보니 넘좋아해서 2단계도 믿고 구매해요 아이가 좋아할꺼같아요~^^,429
20160405092807,너무좋아요,912
20160405093322,1단계부터 쭈욱하고있어요~이거 없음 어쩔뻔했나 싶어요,861
20160405093515,아이가 넘좋아하는 호비네요~^^,27
20160405093649,둘째돌보느라 첫째에게 늘미안한데 좋아하길..^^,298
20160405094650,다른거 해보다 결국 호비로 컴백합니다ㅋㅋㅋ,446
20160405094736,딸이 바른생활습관 잘배우길 기대해봅니다^^,871
20160405094853,"눈여겨만보다,가격넘좋아서 샀어요",235
20160405095937,완젼 대만족!!!,83
20160405101229,아이가 받고좋아할모습 상상하니 좋네요^^,109
20160405102228,울아이에게 좋은친구가 생겼어요♥♥,397
20160405092826,샀네요~~아이가좋아하길^^,273
20160405093810,우리 애들도 하구 조카것도 이번에 주문요,844
20160405092155,저희 아이들이 너무 좋아하는 호비에요^^반가워요,921
20160405092224,방송 기달렸답니다!!,687
20160405092448,주변에서 좋단말 많이 들었네요,256
20160405092647,지에스가 조건이 좋더라구요^^,342
20160405092753,망설였는데 오늘 혜택넘좋네유~~~,396
20160405092203,애기 이제 재우고 시청중~~,658
20160405092638,기다렸다가 알람받고 드뎌구매하네요,568
20160405092942,첫아이라 초보맘인데 지인추천으로 샀어요,26
20160405093038,여러곳 비교해보고 지에스에서 샀어요~~^^,808
20160405095104,우리아이들은 호비가 키웠네요 ㅎ,417
20160405095228,아이챌린지 역시나 좋아요^^ 번창하세요.,732
20160405095256,아이가 너므 좋아해요,958
20160405095345,엄마 껌딱지 아이에게 친구만들어줄려구요,856
20160405095435,호비백 넘귀엽네요ㅎ울아이가하믄 더이쁘겠죵ㅎㅎ,874
20160405095647,기다리고기다린 호비~~^^,268
20160405095704,호비보며 울아가도 성장하길~♥,228
20160405095757,아이챌린지~~ 조카 돌선물로 구입해가요.,330
20160405095848,아이가좋아해서 아깝지가 않네요^^,716
20160405100219,오래 고민하다 괜찮은 구성 같아 질렀네요ㅎㅎ,657
20160405100321,앞으로 1년동안 우리아이 친구로 재미있는 교재 부탁드려요♥,241
20160405100653,육아선배들 추천받고 시작해봅니다!,577
20160405100830,매년신청하고 있어요~~~~,685
20160405100919,아이챌린지 GS가 혜택이 좋아요,540
20160405100949,가격대박!!완전 잘 산것같아요~^^,22
20160405101109,육아초보라^^부모가이드북 있어 안심데여,555
20160405101534,방송여러번보고 고민만하다 결국 주문했어요,776
20160405101618,아이챌린지 좋아요ㅋㅋㅋ,106
20160405101914,첫아이때 넘잘봐서 주변에 엄청추천했어욧~~!!둘째도 이제시작해봅니당,665
20160412135935,아 고민고민하다가 결제했어요ㅋㅋ,172
20160412140721,알림해뒀다 구매했네요~~^^,379
20160412134334,조카가 사용하는거보고 좋아서 방송하길 기다렸어요~좋은책 많이많이 부탁드려요~~^^,509
20160412134924,동물에 대한 관심이 부쩍 많아진 아이를 위해 꼭 사주고 싶었던 전집입니다^^,92
20160412135950,실사라고 다 같은 실사가 아니더라구요. 오감만족 입니다. 어린이집에 매일 한권씩 들고가요~,66
20160412134225,방송 한달은 기달린거같아요!!,766
20160412134308,드디어 방송하네요^^,435
20160412134351,방송 손꼽아 기다리다 구매했어요!!!!,462
20160412134439,계속 구매하려고 방송알림해놓고 기다리다 드뎌 주문했네요^^,424
20160412134451,ㅎㅎ드디어 기다리던 방송이네요,3
20160412134613,입소문으로 듣고 사야지 벼르고있던차에 바로 구매했어요~,489
20160412134814,자연관찰책 고민고민하다 오감톡톡으로 결정했어요~~!!,231
20160412135010,카드 할인 받아서 저렴하게 잘 산것 같아좋네요,421
20160412135209,전 이미 가지고 있고 조카에게 선물하려구요^^,221
20160412135309,전부 컬러인가요?,189
20160412135501,딸아이가 성장발달동화를 너무좋아해서 이번에 자연관찰도 구매하게 되었네요,276
20160412140318,진작에 찜해두고 있던 책인데 드뎌 샀네요~~,94
20160412141317,매진데기전에 후딱 구매했어요~~,457
20160412140839,방송 넘 기다렸어요 드디어 구매합니다ㅋㅋ,504
20160412135845,기다렸던방송이예요~ !  바로 구매했습니다^^,425
20160412135549,다양한동물들을경험하게해주고싶어구입했어요,173
20160412140703,가격도 좋고 상품구성도 만족스러워요^^,160
20160412141255,정말 유익하고 도움이 될것 같습니다^^,667
20160412141312,전집 상품 고민 되는데 구성 좋고~ 내용 알차고~ 사은품 까지.. 주문했네요^^,750
20160414113853,집에서 재미있게 잘 쓸 것 같습니다.구매해봅니다,846
20160414114559,2단계 주문완료! 빨리 받아보고싶어요^^,206
20160414121017,3단계 미리주문했어요,773
20160414114522,다양한 놀이 할 수 있겠네요.,400
20160414114711,이번기회에 주문해봅니다,983
20160414121454,3단계보여주세요,879
20160414122927,역시 호비 짱입니다. 잘 쓰고 있어요^^,65
20160414121645,3단계 한글수학 내용도 한번설명부탁드립니다,154
20160415113546,영어공부 필요했어요오 ㅜㅜ,258
20160415114000,요샌 엄마도 공부를해야해서ㅎㅎ아이랑 같이하께요,574
20160415114100,"살면서 영어가 중요하다는걸 느끼기에,,,",247
20160415114242,친구가 갑자기 영어가 늘어서 추천해주더라구요~저도 잘하게되길!!,325
20160415113609,횡재패키지 기대되네요,340
20160415113730,영어가 안되면 시원스쿨~~맞죠?ㅎㅎㅎ,683
20160415113747,엇 시원쌤 방가워요~~~!!,787
20160415113842,열심히 공부하고있지요!쉽고 지겹지않게 잘 가르켜주신답니다!!,764
20160415113903,영어 잘 못하시는 엄마와 같이하려고 신청했어요,686
20160415114551,고민하다 무료체험있어서 일단 신청해가요,276
20160415114647,주문했어요!마음만은 벌써 네이티브ㅋㅋ,996
20160415115627,주부도 할수있다는걸 보여줄려구요!!화이팅,107
20160415115816,열심히 해보려구여~^^,497
20160415120000,매번 망설이다가 상품평보고 도전해볼렵니다!!,184
20160415120159,영어울렁증 극복하기 위해 시작하께요..꾸준히해보께요,383
20160415120407,오랫만에 공부 시작 할생각에 설레이네요^^,592
20160415120910,아이랑 같이 공부할수 있다니 좋네요,642
20160415121006,이번엔 꼭 성공할꺼에요!!,887
20160415121112,벼르다가 구입했네요.유창한 날을 기대하면서...,16
20160415121320,저도 시작합니다!동지분들 열심히해봅시다^^,815
20160415095054,어른이 읽어도 좋을 만큼 구성이 좋네요^^,47
20160415094724,와이책덕분에 아이가 다른 책도 읽게 됐어요 ㅎㅎ,683
20160415094840,딸아이가 학교도서관에서 빌려보던 책인데 오늘 전권 구매합니다~!,565
20160415095206,책 모서리가 둥근 것도 너무 좋네요,893
20160415095255,반신반의 했는데 애들이 잘읽어서 뿌듯합니다.,890
20160415095338,6살 아직 이른듯 하나 그림이 나오니 한번씩 들여다 보네요~~,337
20160415095612,애들 둘이 있는데 오래 볼것같아서 삽니다~~,293
20160415095947,아이가 좋아하네요~와이 책에만 푹 빠질까 은근히 걱정^^,873
20160415100036,아이방에 책장이랑 책 넣어줬는데 방에서 나올지 않아요 ㅎㅎ,216
20160415100135,오자마자 울 딸래미 푹 빠져서 읽는걸 보니 빨리사주지 못한게 미안했어요,358
20160415100722,반짝일 줄 알았더니 구매한지 세 달정도인데 쭉 좋아해요,27
20160415100753,아이랑 같이 보면서 저도 배우고 있어요 ㅎㅎㅎ,474
20160415101125,아이들이 궁금하면 찾아보고 재미를 느껴서 좋아요,933
20160415101159,아이들이 아직도 이 책만 끼고 삽니다~~,274
20160415102145,고민끝에 방송끝나기전에 구매합니다~,799
20160415092259,연년생 우리 남매 잘 보고 잇어요 ~~,272
20160415093141,가격때문에 고민했던 와이책..아들이 너무 재미있게 봅니다ㅎㅎ,958
20160415094003,아이가 좋아하는 책풀세트구매해주니 넘좋아해요.,586
20160415094031,아이가 넘 좋아 하네요.. 어른이 봐도 재미 있습니다ㅎ,36
20160415094138,책보는걸 힘들어하는 아이였는데 why책 잘보고있습니다,644
20160415094243,와이 정말좋아요 풀셋트 가격이 아깝지 않네요,863
20160415094551,와이책 잘보고 있어요 스스로 책장정리도 하더라구요~~!,31
20160415094939,오랫동안 여가저기 살펴보다 gs에서 구매하네요,751
20160415100217,학교도서관에서 매번 못빌린다고 속상해해서 이번에 전권 구매해요^^,360
20160415100501,아이가 매일매일 1권씩 읽으니 돈이 전혀 아깝지 않더라구요ㅎ,216
20160415100540,구매완료요~ 주말에 애들이랑 뮤지엄 가야겠네요~~,133
20160415101312,살짝 부담되는 가격이지만 무이자혜택도있어서 질러요!!,952
20160415101437,드뎌 풀 세트 샀네요,859
20160415101746,"넘 넘 좋아요. 큰애,작은애가 책에 푹~~빠졌어요^^",19
20160415101802,모든 책이 다 와이같으면 얼마나 좋을까요~~,969
20160415092134,애들이 너무 좋아해요 ^^,673
20160415092209,원래도 책 좋아했는데 집에 오자마자 why부터 읽어라구요!,66
20160415092244,아이가 하루에2권씩 너무 잘보고있어요,651
20160415092334,벼르고 벼루다가 전집으로 구매합니다~좀 늦게 산듯^^,238
20160415092643,아이가 좋아하는 책인데 이번기회에 전권 구입합니다,960
20160415092745,와이책 좋은 건 알고있죠~ 국민 도서란 얘기가 있을 정도니까요~,541
20160415092841,4학년된 우리아이 어린이날 선물로 구매^^,575
20160415093040,5단책장까지 정리도 완벽하게 할수할수 있어 너무 좋네요~~..,252
20160415093428,애가 시험보고와서 와이에서 봤다며 신나하더라구요^^,413
20160415093617,다양한 분야의 책이라 호기심 많은 우리 아이들에게 딱이네요.,791
20160415093806,엄청 잘봅니다 와이책 산지 두어달 되었는데 아직도 만족!,610
20160415122136,시작이 반이니까 이미 절반은 성공한듯해요ㅎ,440
20160415122248,영어..당채 말은 왜안나올까요..ㅠㅠ,265
20160415122515,일단 구매합니다!!이러다간 계속 시작못하까바,543
20160415122653,계획만세웠는데 이젠 실천해보려구요~~^^,715
20160415123138,다시 공부 시작한다는  느낌이 넘좋아요,64
20160416192332,시원쌤 출퇴근 자투리시간에 잘 듣고있어요+.+,815
20160416192441,영어가 갑자기 하고싶어지네요~ㅎㅎ,672
20160416192648,남편이랑 고민해봤는데 같이 듣기로 했어요!!^^,651
20160416192736,와이파이존 아니어두 되는거맞죠?좋네요~~,851
20160416192841,영어초보란 이름 떼고싶습니다~♥,315
20160416192933,시원스쿨 익히 들었습니다. 저도 시작해보겠습니다.,513
20160416193047,오와 벌써 설명이쏙쏙들려요~~,883
20160416193211,몇 번 망설이다 놓쳤어용ㅜㅜ 오늘부터 도저어어언~~~!!!!,65
20160416193323,꾸준히강의를들으면 나도프리토킹~?,873
20160416193542,쇼호스트님 너무 잘하셔요~~애엄마인 저도 가능할까요,98
20160416193648,외국에서 버벅버벅 ㅠㅠ놀러갈때마다 부끄러워요,198
20160416193801,친구가 사용하는거 보고 따라 구매했어요.기대돼요 ^^,825
20160416193957,방송보니 영어공부 의지가 활활타요!!,957
20160416194028,머리랑 입은 따로ㅜ..저도 왕초보 탈출할래요..!,218
20160416194144,가지고 다니면서 공부할수 있어 좋네요 :),793
20160416194402,영어에 대한 욕심은 있는데 실천을 못했던게 아쉬웠습니다. 저도 다시 시작합니다!,630
20160416194506,시원스쿨 넘넘 잘듣고있어요~~ㅎ,285
20160416194719,영어를 쉽게 빨리 배울 수 있겠다 싶어 아이들을 위해 구입했습니다,444
20160416194858,반복해서 공부하다보면 제 말문도 터지리라! 믿습니다,868
20160416194924,좋은결과있기를 기대해봅니다^_^,244
20160416194945,울 딸아이도 쉽게 따라하며 좋아하는 시원스쿨이에요ㅎㅎ,986
20160416195010,올해 해외여행 가기위해서 열공하려고합니다-,443
20160416195100,시원스쿨 굳게 믿고 열심히해볼게요~♥,497
20160416195134,시간횟수에상관없이무한반복할수있는게맘에드네요,398
20160416195230,잘사용해볼게요.,233
20160416195317,영어포기자였던 제게 재도전을 하게 해주네요.^^화이팅^^,107
20160416195520,우리아이가 너무좋아해요~ 저녁에 퇴근하고 아빠도 같이 공부하구요,839
20160416195728,동생이랑 들으려고 구매해요^^!!,499
20160416200029,저도 늦었다 생각않고 구매했습니다 ~,650
20160416200105,이번에 영어실력을 향상시켜서 해외에서 꼭 써먹고싶네요,554
20160416200212,바쁘다는 핑계는 안되겠네요 정말ㅎㅎㅎ,564
20160416200256,틈틈히 공부하기좋을것같아서 구입했습니다,465
20160416200348,화이팅!!! 1년후 달라질 내모습을 기대하며~~,225
20160416200413,30대직장인입니다 영어회화 기대해봅니다~~,214
20160416200439,언제 어디서나 가지고 다니면서 강의를 들을수 있으니 좋으네요~,315
20160416200541,일찍 주문못한게 후회될정도로 기대이상으로 잘 듣고있어요*^^*,541
20160416200623,시작이 반이니!! 벌써 자신감이 붙네요..,728
20160416200709,아들과 함께  공부하려고 주문했어요,198
20160416200913,항상 독해만해와서 회화는 어려웠어요ㅠㅠ,606
20160416200925,열심히 열공하렵니다,600
20160416200952,말로만 듣던 시원스쿨 빨리 탭으로공부해보고싶어요,296
20160416201118,남편 선물로 사주려구요^^남편 열심히해보자~~,805
20160416201212,탭이 크니까 좋을것같아요~~,425
20160416201242,마음다잡고 올해는 꼭 영어로 말해보고 싶습니다.!,253
20160416201328,평생소장이니 부담갖지않고 꾸준히 해보려구요,23
20160416201342,제발 영어가 술술 나왔으면 좋겠어요~^^,217
20160416201512,아이가 열심히 하고있는데 정말 쉽게 할수있는것같아 좋아요~,883
20160416201538,매일 30분씩이라도 짬내서 공부하겠습니다,308
20160416201612,초심의 마음으로 시작합니다♡,662
20160416201941,왕초보 저도 시작합니다 !!,751
20160416202048,"늘 제 발목을 잡는 영어회화,,기대해봅니다,,",553
20160416202213,무한반복해서 듣고 영어정복 꿈 이룰게요!,647
20160416202401,꾸준히 해서 정말 변화된 영어실력이 되길 기대합니다,193
20160419113334,시원스쿨 쉽고재밌을것같아요~,49
20160419113557,50대인데 시원스쿨로 영어말문이 틔이려나요,45
20160419114106,소통의 시대~응원합니다~!!,427
20160419121956,스트레스 영어..재미로 함 해볼까요? ^^,156
20160419141040,조카 어린이날 선물로 구경하러 가보렵니다 ㅎㅎ,885
20160419141133,어린이날 선물로 준비해야겠어요,927
20160419113622,시원스쿨 이름값해요,807
20160419141606,핑크퐁 구성 알차요 ㅎㅎ색감도 예뻐서 아가가 좋아해요,438
20160419113534,영어 단어가 잘 외워진담 시원스쿨  좋죠.,490
20160419121529,할 수 있을까요~ 매번 볼때마다 고민됩니다~ㅠㅠ,271
20160419122319,ㅋ 샘 질문에 답을 했어요~ 한달된 왕초보 50대 이줌마예요 이 벅참을~~~,664
20160419140556,구성 참 좋네요~~,704
20160419113501,엄마가 영어공부 하신대서 사드리려구요,587
20160419114307,아이들과함께해보려고구입했어요~^^,204
20160419114433,시원쌤 강의 왠지 재밌고 쉬우꺼같아요,432
20160419114637,선생님 말씀 집중하며 보게되요^강의도 기대되요,785
20160419114921,매번 고민하다가 결국은 질렀습니다!열공!!,811
20160419115738,50대인 저도 구매했어요~^^~설레이네요,32
20160419115930,저에게 마지막 영어교재가 되길바라며~~^^,81
20160419120031,평생소장할수 있어 좋아요,616
20160419120224,언제나 반복할수 있어서 너무 좋게써요^^,457
20160419120339,수강생에요 이제 영어로 주눅들지않아요~~,334
20160419120454,친구가 갑자기 영어가 늘어와서ㅎ저도 시원스쿨 시작해보렵니다,639
20160419120526,좋습니다. 열심히 공부하겠습니다.,675
20160419120601,아이랑 같이 공부 시작해보께요,217
20160419120645,늦은나이에 시작한만큼 열심히 할렵니다,948
20160419120807,방송만바도 영어가 재밌어질려해요ㅎㅎ,336
20160419121047,구매했어요~빨리 공부하고싶어요~~,969
20160419121220,학원갈 시간도 없는 남편위해 샀어요^^홧팅,500
20160419121327,쉽게 부담없이 접할 수 있어서 너무 좋네용~열심히 해보려구용~^^,984
20160419121448,저부터 공부하고 아이크면 아이도 시켜보까바요,162
20160419121522,기간없이 강의 소장할수 있어 구매했어요,550
20160419121701,선생님 제영어도 잘부탁드립니다^^,29
20160419121814,주문했으니 이미 절반은 성공ㅋㅋ시작이반!!,590
20160419122124,무제한으로 소장해서  들을수 있다니 좋네요,707
20160419122335,우리도 영어능력자 되자구요!!다들 파이팅!,914
20160419122509,체험분있어서 일단 받아보렵니당ㅎㅎㅎ,516
20160419122918,남편이 출퇴근때 너무 잘보고있어요 강력추천해요!!,513
20160419123155,늦은나이에 도전합니다 설렘가득,351
20160419123245,저 왕초보 맞네요..영어공부 몇년인데..또르륵ㅜㅜ,5
20160419123315,나날이 업그레이드 되는 제모습 기대해봅니다♥♥♥,784
20160419123505,상품평을 믿고 열심히 해보겠습니다!^^,14
20160419123514,믿고시작해요~시원스쿨~,710
20160419134259,구성 좋아요~~다섯살까지 책걱정은 없을것 같네요...,370
20160419134434,조카 선물로 사주야 겠어요... ㅎ,219
20160419134824,구성하나하나가 정말 알차네요~,141
20160419140449,18개월 딸아이 선물로 주문했어요~~~,154
20160419140633,구성 다양하고 좋습니다. 만족해요,29
20160419140739,구성도 너무 알차고 저렴하게 잘 샀어요~,173
20160419140957,종류가 다양해서 한동안 걱정없이 잘 가지고 놀것 같아요~,236
20160419141743,놀이 하면서 이쁜 그림책도 보고 아기가 좋아할거 같아요...,645
20160419121556,영어는 영원한 숙제예요! 시원하게 해결해줄꺼같네요!!^^ 아 기대기대,631
20160419114245,영어 잘하고 싶어요~~,570
20160419135136,정말 알차네요,283
20160419135247,구성대박 ㅎㅎ 드림큐브 받고싶지 말입니다 ㅎㅎㅎ,305
20160419141151,딸이 핑크퐁 너무 좋아해요^^ 고민없이 바로 주문했어요~,788
20160419120747,실전영어에 많은도움되구 쉽게 배울수 있겠네여,231
20160419114702,진짜 영어잘하고싶어요,642
20160419114815,티비 광고로 보던거라 왠지 친숙하네요. 귀가 솔깃합니다.,756
20160419141016,이건 정말 핫딜이네요~핑크퐁 좋다 좋다 하던데~~기다렸어요~,731
20160419115122,시원스쿨이면 외국인과 대면해도 두렵지 않을까요?,625
20160419134129,드.디.어!! 기다렸어요!! 요즘 핫한 핑크퐁,918
20160419113741,시원스쿨이면 외국인도 두렵지 않아요!!,281
20160419113658,매일매일 열심히 해볼랍니다~~^^,655
20160419114230,큰맘먹고 주문합니다.저도 도전해요,507
20160419115054,시원쌤 강의 소장하고파서 구매했어요♥,988
20160419115147,공부하고 싶은 생각이 확 드네요,568
20160419115344,시원스쿨로 영어마스터 기대해봅니다^^,23
20160419115520,입소문이랑 상품평이 좋아서 너무 기대되요~~~,500
20160419115623,손놓은지 오래된 영어 다시한번 시도해봅니다,920
20160419122202,주문했어요 아들이 영어하기 싫어해서요 ？이것만으로 잘 따라갈수 있을까요ㅎ,29
20160419135558,놓치면 후회할 수 밖에 없는 구성이네요.,284
20160419141111,다양한 구성으로 아이들 놀이와 교육용으로 딱이겠어요!,935
20160419113429,시원스쿨 쉽게설명잘해준다고주변에서 소문듣고왔어요,739
20160419115457,야~ 시원스쿨이다.,655
20160419135815,구매확정~입니다! 울 아가별 반짝반짝 ♡화이팅!,153
20160419141648,지금 6개월됐어요,881
20160419141837,조카 어린이날 선물로 구매했어요~,810
20160419141109,애플비 블루래빗 둘다 있지만 이것도 살거예요~^^,183
20160419141634,우리 조카도 슬슬 준비해야하나요?0세부터라고하니,54
20160419141341,조카 선물 보러가요~^^,45
20160419113336,시원스쿨~,828
20160419114633,영어가 시워질것 같은 시원스쿨!!^^,685
20160419115350,GS보다가 급 꿈이 생긴것같아요. 외국인과 프리토킹하는 그날을 꿈꿔보려구요^^ 감사,615
20160419134139,어린이 날 선물로 딱이겠네요~~,111
20160419134709,둘째 출산준비물로 구입했어요..,990
20160419134717,다양한 구성으로 잘 활용할수 있겠네요~~,402
20160419134829,아기가 즐겁게 볼수있는 책이 되었음 좋겠네요~,342
20160419135028,구성 다양하고 좋아보이네요... 구매했습니다. ^^,632
20160419135053,어린이 날 선물로 주문했어요.. ^^,158
20160419135505,단계별로 여러가지있는 상품구성이 너무 좋아요!!!,73
20160419135535,종류도 여러가지라서 한동안은걱정없이 잘 가지고 놀것 같아요,257
20160419135752,구성도 다양하고 좋아보여요^^,75
20160419140215,아기가 즐겁게 볼수있는 책이 되었음 좋겠네요~,354
20160419140530,구성으로 보나 뭐로보나 핑크퐁이 훨씬 나을것 같아서 오랜 비교와 고심끝에 핑크퐁 주문~~,912
20160419140807,오늘 방송 기다리다 드디어 구매햇어요!!!!,583
20160419141422,내용 구성이 가격대비 넘 좋은거 같아요..,342
20160420115346,학원대신 책읽기로 요거 너무좋으네요,480
20160420120209,내부 좀 보여주세요 이제서야 보게 됐어요,606
20160420122737,지금 딱 필요한선물이네요,842
20160420113259,와 드디어 후 하네요?!!!!,399
20160420120321,아이키우는집이라면 꼭있어야할책이죠,635
20160420113730,도서실서 빌려만보다 아이가 좋아해서 전집구매할려구요,126
20160420113821,아이에게 위인전 꼭 읽혀주고 싶었어요,334
20160420113930,요즘 인물들이 많아 좋으꺼같아요^~^,374
20160420114042,정말 사주고 싶은 책이었어요!고맙습니다,781
20160420114245,기다리다 GS에서 좋은 기회로 구입하게 되었어요^^,487
20160420114432,딸사주고 싶었던건데 마침 방송에나와서 바로주문했네요^^,255
20160420114512,방송 기다리다 드뎌 주문했네요!!!,590
20160420114616,울아이 위인전 읽고 많은걸 느끼길.^^,670
20160420114840,아이에게 정말 좋은 선물이네요♥,309
20160420115013,친구꺼 빌려보는 모습이 맘에걸려 주문했어요,635
20160420115102,지난방송때 고민만하다 놓쳐서 이번엔 구매!,498
20160420115255,알람 맞춰놓고 방송 보다가 구입했습니다 잘산거같아요^^,995
20160420115334,아이가 읽을 모습 생각하니 흐뭇해져용~~,250
20160420115754,방송 기다리다 드뎌 삽니다!!,610
20160420115850,책 너무 안보는 아들이 잘읽었음 좋겠어요,984
20160420115922,손주 어린이날 선물로 샀습니다,652
20160420120326,이책읽고 아이들이 꿈을 많이 키웠음 좋겠어요,953
20160420120850,경품으로 주는 책도 너무 맘에들어요^^,616
20160420121504,추가도서도 너무 알차네요^^,811
20160420121523,샀어요 친구집에서 읽고 계속 졸라서...,25
20160420121643,초등 2학년 아들이 너무 읽고 싶어해서 구입했어요^^,873
20160420121728,전부터 사려던 책인데 좋은구성에 사은품까지 좋아요!!,886
20160420121859,우리아이에게 꼭 읽히고 싶은 책이에요,380
20160420122045,주변에서 소문 하두 들어서 기대되요~~,784
20160420122114,아이가 전부터 조르던책인데 잘샀어요,469
20160420122157,동시대 인물이라 더좋아요!!,722
20160420122300,가격도 사은품도 넘좋아서 안살수가없네요^,263
20160420122552,든든한 전집!너무 맘에듭니다,75
20160420122726,딸이 너무 좋아하는 책에요.재밌게 읽으께요,564
20160420122816,어린이날 선물 고민했는데 좋아요,663
20160420120828,꼭 후 책 사주고 싶었는데~~!!,711
20160420114257,교과학습에도 도움이돼요 !,690
20160420115826,울아들 넘 사주고싶네요,997
20160420113535,꺄!  아이들이 좋아하겠어요. 굿굿,85
20160420123009,초3아들 7세 딸위해 주문완료^^,471
20160420114232,조카 어린이날 선물로 특템이네여~,484
20160420113613,저희아이 어린이날 선물로 후 사달라고 하네요~^^,340
20160420115453,지금 당장 사고 싶어요...구매 누릅니다,60
20160420121100,방금 구입했어요^^ 아이가 기뻐할 모습에 흐뭇^^,154
20160420123004,책은 who만 읽는 아들을 위해 어린이날 선물로 구입했어요~♡,650
20160420113636,조카한테 사줘야겠습니다 고맙습니다^^!,695
20160420113241,너무 오래 기다렸어요~~채널고정^^,653
20160420113316,방가워요 후시리즈~~,644
20160420113501,방송소식듣고 어찌나 좋던지,946
20160420113550,글찬아도 어린이날 선물로 사러왔어요~~,262
20160420115036,우리 어릴적 위인전이 생각나네요 어린이날 맞아 조카 사주고 싶어요,628
20160420120654,책읽기 좋아하는 딸과 아들에게 좋은 선물이 될것같네요,598
20160420122552,푸짐해서 좋네요,215
20160420114424,"구성, 가격 굳이네요~ 아들한테 좋은 선물 되겠어요~",243
20160420120827,직업수업때 담임선생님께서 추천해 주신 책이라네요~,408
20160420113321,라이브톡 너무 좋아요 ^^,241
20160420122309,어린이날 선물로는 후!!,115
20160420122711,조카에게 좋은선물,294
20160421093923,초3 아들인데  ORT 너무 탐나네요,621
20160421095116,전 풀셋 미리 주문했어요~ 역시 ORT! 아이가 엄청 좋아합니다~^^,900
20160421101619,재밌어서 아이가 스스로 흥미를 가질수 있을 것 같아요,763
20160421102034,주문완료. 기다려져요,343
20160421092300,비가 촉촉히 내리네요  따뜻한 커피한잔이 생각나요？,163
20160421092249,책은 돈이 아깝지않네요,839
20160421092754,어린이날선물로 사주면 좋아하겠어요 ㅎ,907
20160421092759,친구의 강력추천으로 방송보고 있습니다,827
20160421092859,리딩펜 볼때마다 신기해요ㅎㅎ,549
20160421093735,유익한 책 오알티,597
20160421100236,구매해야될꺼같네요~손가락이 근질근질해요~^^,823
20160421100416,유명한 ort 오늘구매합니다.기대,634
20160421101127,탐나는 영어책이네요,67
20160421101302,과외 따로 안시켜도 되겠어요,307
20160421092500,조카사주고싶네용,975
20160421092405,기다리느냐고 목빠짐요~^^,128
20160421093149,영어공부 어떻게 시켜야하나 고민했는데 옥스포드가 답이네요^^,461
20160421101005,리딩펜과 세이펜 음원 호환되나요?,624
20160421092937,사운드북 덕에 영어울렁증도 없을것 같네요,824
20160421093028,어린이날 선물로 미리 구매합니다^^,113
20160421093902,고민 끝!!! 엄마표 영어공부 ort로 시작하렵니다 ^^,267
20160421092317,오알티 기다린 방송!채널고정하께요,769
20160421092425,오알티 명성은 알고있는데..고민데요ㅎㅎ,376
20160421092524,매번 고민만하다 샀어요~사고나니 후련해요,895
20160421095422,엄마로서 열심히 활용하게끔 도와줘야겠어요!,366
20160421100358,가격할인 많이받고 좋은가격으로 샀어요^^,592
20160421101922,진작 샀어야하는데 이제야 질르네요~,137
20160421095452,지루할 틈 없이 신나게 영어공부 할 수 있겠어요!!,774
20160421101853,ORT 진짜 오래 기다렸어요~,833
20160421092136,전 제가 보고 싶어지는 책이네요 ^^,253
20160421101216,어린이날 선물로 좋을 것 같아요,67
20160421101939,색깔 을 영어로 잘 말하길래 이제는 관심을 가져줘야 할 때 인가봐요 방송시청 잘하고있어요,454
20160421102203,아이 영어공부에 도움될것 같아요^^,153
20160421093014,영어공부 정말 좋아졌네요,831
20160421093830,샘플보고 아이가 넘 재미있어해서 기다리다 디뎌 주문했어요!,797
20160421101933,아이가 3살인데 노래나오니 흥미있어해요 혼자 가지고 노네요 좋아요~^^,316
20160421101947,도움이 되겠어요~,669
20160421093052,공부도 놀이처럼 할 수 있겠어요,704
20160421093909,요번에 초등된딸아이 급관심을보이내요 가격이 후덜덜하지만 동생둘이같이할수있으니고민해보렵니다~,143
20160421094147,방송시작전 아침8시전에 구매했어요 또 매진될까봐ㅎㅎ,218
20160421095510,음원입혀진게 미국발음인가요 영국발음인가요?,301
20160421095924,영어에 흥미를 갖을수있는 책이네요^^,967
20160421100521,공부를 도와주는 이런 책은 엄마한테는 넘 감사하네요,852
20160421094438,아이책 어린이날 선물용으로 좋겠네요,369
20160421093458,우리공주님이 놀면서 공부할수있는방법을 찾았네요~~^^,273
20160421094029,"이런 종류의 책 많지만, 내용공감되고, 반전이있어,아이가 좋아해요",826
20160421094842,아이가 신기한 듯 쳐다보네요,497
20160421100440,어린아이들에게 도움이많이될것같습니다!,734
20160421100911,꼭 필요했는데 지금 초집중 시청중,450
20160421100502,ort 소문듣고 왔어요!!!,320
20160421100834,"파닉스부터 사이트워드,리딩에 챕터까지! 구매 안할수가 없네요^^",848
20160421092210,기다린 방송입니다,717
20160421092308,방송 시작전 금방 매진 될까봐  모바일로  방금전 구매했어요~~^^,89
20160421094220,우와~ 이렇게 종류도 다양하고.. 아이가 좋아하겠어요^^,224
20160421094544,좋아보여요 저희 아이관심있게  보내요 고민들어갑니다,612
20160421100524,구성좋네요~~~^^,455
20160421101510,우와~31개월 아들도 보더니 얼추따라하며 사달래요~,816
20160421101023,구성이 알차서 든든하네요!!,750
20160421094717,방과후 영어 그만두고 영어 땜에 고민했는데 당장 사야겠어요,228
20160425113311,저희 아이들이 좋아하는 호비^^반가워요,649
20160425113431,방송 알림신청하고 왔지용~ㅎㅎ,2
20160425113522,미리신청하고 방송보고 있답니다,296
20160425113632,친구네집서 너무 잘노는거보고 결정했어요~~,102
20160425114309,어린이집 같은반 엄마들이 강추하길래 왔어요~,156
20160425120935,오늘도 좋은 상품들 기대합니다~~,127
20160425113750,짐 4세 아들이랑 본방사수! 아들 저 호비빨리 사래요!!!,900
20160425121048,자꾸 손이 가게 되네요 ㅎ,473
20160425123421,드디어 주문했어요~^^,796
20160425114456,저두  열심히 보면서 조카선물로 해줄까 고민중.어린이날을  위해 한턱쏠까요?ㅎㅎ,604
20160425113501,저도 아이를위해 선택했는데 엄지척입니다,616
20160425114642,울 손녀 선물로?^^,13
20160425121803,4단계도 호비펜 필요하죠?,906
20160425120214,4단계 구성도 좀 보여주세요,582
20160425120246,44개월 우리아이 한글교육 시작할까하던 참이였네요 행운같은 홈쇼핑타이밍 감사해요,866
20160425123354,호비손인형 보여주신거에 소리나는호비가방도 같이오는건가요?,274
20160425122043,사은품 동요패드랑 영어플레이 소리듣고싶어요~~~,855
20160425122604,너무너무 기대되요 ㅎㅎ돌지난 아기 놀아주기 힘들었는데 호비랑 놀아야겠어요,692
20160425123252,5월 선물로 결정했어요,772
20160425122849,좋은 혜택으로 아이에게 선물 줄 수 있어서 더 기분 좋아요^^,589
20160425113954,호비랑배변훈련했어요!담단계무조건신청입니다!!,141
20160425114308,호비 사러왔어욤,91
20160425123228,지에스샵서 17개월 주문해서 이번달이 마지막이였어요ㅜ,437
20160425113352,세일 방송 기달렸습니다!!,859
20160425113900,우리 애들도 하구 조카것도 이번에 주문요,181
20160425114111,애기 재우고 이제 시청중~~ㅎㅎ,662
20160425114236,호비처럼 바른 아이 되어가고 있어요!!,470
20160425114413,할까말까 고민중였는데 세일이면 해야겠죠^^,636
20160425114602,요시기 아이에게 호비만한게 없는거같아요~~,478
20160425114747,친구가 주문하라고 연락와서 신청했네요ㅎㅎ,219
20160425114846,눈여겨보던건데 역시 지에스네요,865
20160425115010,저같은 육아 초보맘에게 딱인듯,126
20160425115432,아이가 넘좋아해서 아깝지가 않네요^^,222
20160425115451,좋다는건 하두 들어서 알구요^^GS가격 땡큐네요,161
20160425115628,가격대박!!완전 잘 산것같아요,228
20160425115700,울아이 첫교구로 선택했어요♥,379
20160425115720,아직 돌안됐는데 미리 샀어요ㅋㅋㅋ,288
20160425115902,우리 아이에게도 좋은 친구가 되길..,128
20160425120141,우리아이들은 호비가 키웠네요 ㅎ,852
20160425120344,기다리고기다린 호비~~^^,83
20160425120516,매달 호비오는 날만 손꼽아 기다릴듯^^,733
20160425120741,얼집다녀와서 오후시간 힘들었는데 이젠 호비와 함께,467
20160425121011,어린이날 선물 고민해결했네요,97
20160425121822,가격좋고 무엇보다 아기가 좋아할 것 같아요,638
20160425122202,첫아이도 했는데 둘째도 이제시작해봅니당,48
20160425122220,오래 고민하다 괜찮은 구성 같아 질렀어요,964
20160425122608,엄마 껌딱지 아이에게 친구 만들어 줬어요ㅎㅎㅎㅎ,912
20160425122733,"눈여겨만보다,가격보고 샀어요",904
20160425122749,호비호비 저도 구매해 봅니다^^,655
20160425122852,딸램이랑 같이 할 생각에 벌써 설레여요,683
20160425123107,1단계부터 하고있어요~이거 없음 어쩔뻔했나 싶어요,493
20160425123139,아이가 좋아할 생각하니 벌써 흐뭇~~~,797
20160425123237,백번 고민하다 시켜요 ^^애들이 잘 따라줬음,775
20160425123324,임신중인데 혜택좋아서 미리 살까 고민되요,930
20160425114126,우리 조카 사줘야할까봐요,655
20160425121141,아이들이 흥미를 가지고 즐겁게 배울수 있어서 정말 좋아요^^,956
20160425120740,오늘신청하려고 했는데 홈쇼핑10프로할인!!!!당장주문했어요~,591
20160425121932,1단계끝나서2단계도신청해봅니다~^^ 좋은기회에 할수있어서좋아요~,125
20160425123114,아이들이 무척 좋아하겠군요,592
20160425121109,4단계 구성 좀 보여주세요.,68
20160425113933,방송보니 조카꺼 사주고싶어요~,345
20160425115141,호비 지금 잘보고 있어서 재구매하려고해요~역시 호비짱,456
20160425122558,할인쿠폰에 신한카드 혜택까지 몽땅 받았어요~ 기분업!!!!!!!!!,195
20160425115817,호비 어린이날 선물로 지를까 고민이네요,568
20160425123544,우리아들은호비가바르게키워줬답니다 ^^,617
20160321130458,살려고했는데 바로 주문해야겠어요,424
20160322125131,아파트에선 층간소음 때문에 필수죠 폴더형으로 접히는 매트가 좋더라구요,947
20160322130714,조카 선물로 하나 사줄까 싶어 알아보는 중이었는데 마침 방송하네요,905
20160322132807,아이가 뭘 흘려도 물티슈로 쓱쓱 닦으면 되니 넘 편해요!,552
20160322124116,파스텔 톤의 색이 집안에 봄을 들인 것 같아요~^^,798
20160322124132,우리아이가 안전하게 놀 수 있는 놀이공간이니까~,989
20160322124155,로하스 인증된 매트~ 흔치않으니까요 ㅎㅎ,284
20160322124333,알집매트 믿음직하죠~,265
20160322124346,너무 편해보이네요~우리아이가 좋아하겠어요,86
20160322124404,에그빈백도 주나요? 와~~~~,923
20160322124553,괜히 1등하는 매트가 아니죠~,314
20160322124628,우리아이 아토피있어서 다 조심스러운데 솔깃하네요..,49
20160322124812,이번에 이사가서 아랫층 눈치보였는데 이제 맘껏 뛰놀겠다~~,834
20160322124831,가격 정말 좋네요 세상에...저 가격이라니..,218
20160322125056,아이가 뛰어놀기 충분한 크기네요,705
20160322125121,알집매트라면 신뢰가죠 대만족중~~,517
20160322125226,와 진짜 크네요 우리 거실에 쓰기에도 딱좋을듯~~?,711
20160322125242,색상이 밝아서 아이들한테도 좋을 것 같아요~ 산뜻한 색^^,501
20160322130121,알집매트 벼르고 있었는데 조건좋을때 GS에서 사야겠다^^,292
20160322130146,알집매트 사용하는 친구집보니 좋아보이더라구요 애들이 폴짝폴짝~~,640
20160322130157,우리 아이를 위해서 구입완료~~~~!!,156
20160322130410,층간소음 요즘 너무 걱정되는데 알집매트 구매해야 하나 고민중..,247
20160322130543,알집매트 위에서 우리아이랑 신나게 놀아줘야겠따~~ㅎㅎ,231
20160322130824,기다렸어요^^ 열심히 기고 있는 우리 신규를 위해~~♡,282
20160322131213,알집매트 위에 놀 우리아이 생각하니 흐뭇하고 안심되네요..,839
20160322131231,아이랑 알집매트위에 놀다가 스르륵 잠들었어요..^^,300
20160322131407,출산선물 뭐 필요하냐는 친구얘기에 지금 지에스홈쇼핑 보라고 전화했어요♡,627
20160322130029,국민매트 알집매트 너무 좋아요^^,295
20160322132931,미리주문 했는데 너무 기대되요 ？？,495
20160321133702,호비호비 저도 구매해 봅니다^^,195
20160322125604,화사한 색상추천해주세요~~,913
20160321131223,아이챌린지 엄마들 사이에서 입소문이 대단해요~,920
20160322130302,플레이캐슬 궁금해요~~,142
20160321130903,조카한테 선물해주면 너무 좋아할꺼같아요,817
20160322124418,알집 매트가 두툼하고 안정적이더라구요,471
20160322130351,기다리던알집매트~딸을위해바로구매합니다♡,941
20160322131743,다음주 백일되는 우리 쌍둥이 공주님들을 위해 지금 결제했어요~,806
20160321125139,친구집 놀러갔다가 봤는데 아이가 너무 좋아하더라구요,756
20160321125400,아이가 넘 좋아할거같아요~ 주문하려고요 ~ ^^,205
20160322124349,미리주문했어요~짱좋아요!!!^^,892
20160321130542,친구가 주문하라고 연락와서 신청했네요ㅎㅎ,678
20160321130658,지에스에서 할인받고 좋은 가격으로 구매하네요,520
20160321130905,벼르다 질렀어요^^사은품이랑 혜택 짱!,941
20160321131058,첫아이라 막막했는데 구매해요.기대되요.,512
20160321131455,할인혜택도 받고 사은품도 받아가네요^^,738
20160321131546,기다리고 기다리던 호비♥빨리 받아보고싶어요,645
20160321131619,울아이 다음단계 또 시켜주려구영~~,28
20160321131816,아이도 저도 아이챌린지 오랜 팬이에요,448
20160321132036,원래 살려던건데 오늘 지에스에서 넘잘샀네요ㅋㅋ,146
20160321132329,얼집 보내기전에 아이랑 같이할려구요,320
20160321132542,1단계 했었다가 구독연장했어요 :),88
20160321132621,친구네집서 아이가 잘놀길래 저도 구매해요,303
20160321132650,양치싫어하는 울아이도 기대해봅니다^^,568
20160322132739,하나 쓰고 너무 좋아서 하나 더 구입하러 왔어요^^,320
20160321124315,호비처럼 바른 아이 되어가고 있어요!!,585
20160322125639,방송 알람하고 한달 기다렸어요ㅡ^^너무좋네요,407
20160322131133,그레이핑크로 추가 구매합니다. 알집매트 최고!,620
20160321125111,백번 고민하다 시켜요 ^^애들이 잘 따라줬음 좋겠어요 ^^,212
20160321131817,첫째때할까말까 고민고민하다 시기를 놓쳐서못했는데 둘째는 고민없이 주문했어요^^,703
20160321133432,믿고 보는 호비에요. 1단계부터 시킬것을 후회했어요,115
20160322125928,알집매트 강추 아이템 아이도 어른도 앉으면 잠들정도로 포근푹신,407
20160321131044,소문으로만 듣던 호비 드디어 신청했네요~무척 기대됩니다^^,615
20160321131142,제가 반해서 주문했어 아이는 당연히 좋아 할 것 같아요,34
20160321124948,백번 고민하다 시켜요 ^^ 미리주문하고 보고 있네요 ~,550
20160322131701,마음껏  뛰어놀을수  있게  조카한테  선물해줄려고요.,431
20160322131542,갓태어난 우리 아기 다 클때까지 쓸 수 있을 것 같아요 ㅎㅎ,506
20160322131728,집에 아이2명있어요 충분히 뛰놀겠어요~~ㅎㅎ,490
20160322131747,다음날 태어나는 아이까지 아이가 총 3명..^^ 알집매트 추가 구매요~,237
20160322131920,이런 매트 진짜 필요했는데 GS에서 팔고 있었네 ^^,262
20160322132026,녹색좋아하는 우리아이를 위해 듀오그린 블루그린 구매~,696
20160322132109,아이때문에 집안인테리어 포기해야 싶었는데...알집매트 만세~^^,128
20160322132207,알집매트 잘 쓰고 있어요! 애엄마된 친구한테도 추천했어요 ㅎㅎ~,941
20160322132439,더 늦기전에 구매완료요~ 휴 샀다~!!,215
20160322132706,아이구 우리아이한테도 쇼파 마련해줘야지~ 에그빈백 짱~~^^,69
20160322124454,태어날 아기위해서 고민할필요없이 바로 주문했어요^^~,452
20160321125609,주문완료 ㅋ 울 아기한테 호비가 좋은 친구가 되었으면 좋겠네요,953
20160321124334,저도호비보려왔어요,715
20160321130711,우리집은 호비가 문화센터 대신 해주네요~!,481
20160321133434,아이친구의 호비를 보고 나도 하고싶가는 4살 딸아이!! 주문합니다!!,401
20160321133839,1단계 주문완료! 아이에게 얼른 호비친구를 소개시켜주고 싶어요♡,861
20160321125335,요시기 아이에게 호비만한게 없는거같아요,802
20160321125522,주변에서 하두 많이 추천해줘서 신청해요,489
20160321125732,관심있던 상품였는데 혜택도 너무좋게구입햇어요,163
20160321125916,꼼꼼히 알아보고 울아이 첫교구로 선택했어요♥,370
20160321130204,"좋다는건 하두 들어서 알구요,GS혜택 땡큐입니다요",809
20160321130336,큰아이도 아이챌린지엿는데 작은아이도 시작해요,748
20160321131214,호비를 GS에서 보게되니 너무 좋아요,777
20160321131738,할인많이받아 좋아요.지에스가 진리네요,429
20160321132759,심심해하는 아이랑 같이 이걸로 놀아줘야겠어요,961
20160321132929,박람회때 살까고민했었는데 지에스에서 샀어용,479
20160322124513,에그빈백까지 받으니 안살수없죵!!!,545
20160322130206,알집매트 써보고 너무 좋아 또 구입해요^^,368
20160321132734,이번에 신청했어요~~ 주변에서 친구들이 다 좋다고 하네요^^,93
20160321133356,주변에서 강추해서 호비 구매했어요!혜택이  짱이네요^^,580
20160322132856,그레이핑크 이뿌당~♥,918
20160321125108,해외에서 호비 신청하려고 모바일로 방송보고 있어요..ㅎㅎ,525
20160321130700,큰아이때도 구성이 좋았는데 지금은 더 좋네요,86
20160321130749,귀요미 호비~넘 사랑스러워요,407
20160322124345,우리 아이가 쓸거니까.. 당연히 알집매트죠,762
20160322124353,편해보이네요,349
20160322124811,미리구매하고 방송도 예약해서 보고 잇네요,102
20160322130808,우리아이 맘껏 뛸수있을것같아 기대되네요 ^^,891
20160322132021,방송기달려서 그레이핑크 추가구매했어요♡,289
20160322132044,알집매트 너무 좋아 재구매 합니다 알집 짱!,317
20160322132537,드뎌구매하였어요!!~아이가 넘 좋아할거같아요^^,960
20160321124230,아이가호비를너무좋아해요^^,742
20160321125816,우리 조카가 호비 넘 좋아해요^^,270
20160321130843,지금 주문했어요.  저번 방송 놓쳐서 아쉬웠는데. . 아이한테 빨리보여주고 싶어요,674
20160321124949,우리 아이 양치 정말 안하는데요 1-3월호 양치특집으로 제가 엄청 편해졌어요 치카치카,223
20160322130413,한 장당 사이즈가 어떻게 되나요?,671
20160322132812,알림 설정해놓고 드디어 구매했습니다^^,535
20160322132822,아이들이 너무 좋아 하겠어요!!!♥♥,24
20160321130838,우와 우와  기다고기다리던 호비네요~~~^^,160
20160322124512,그레이랑 핑크중 고민이에요ㅜㅜ,698
20160322124847,우와~~~~알집매트방가방가 저희집도1？1구입해서 잘쓰고있어요 완전대박강추,395
20160322125426,그레이핑크냐 듀오그레이냐 고민중이에요ㅜㅜ,970
20160322131219,드디어 샀어요~!! 기대만발~^^,446
20160322132950,층간소음도 걱정 없어요^^,171
20160322133041,크기도 넉넉하고 냄새도 안나고 너무 좋네요!,399
20160322125605,여자아가라 그레이핑크!! 요위에서 걸음마연습하자♡,406
20160322124619,엄청 기다렸어요~사이즈 굿^^다음달에 태어날 우리아가를 위해 구입해요~,651
20160321125309,울 아이가 너무 좋아해요,944
20160321130522,엄마들 사이에서 만족도도 크죠,774
20160321124424,양치할때 도망만 다니는 우리 딸. 호비보면 바뀔까요? 친구가 추천함.,745
20160321130519,6개월 아가예요..미리미리 준비해요~^^,524
